experiment_id,run_id,sample_ts,elapsed_s,pi_online,pc_online,pi_cpu_pct,pi_ram_used_mb,pi_ram_pct,pi_temperature_c,pi_throttled,pi_undervoltage,pi_power_w,passive_b_actual_fps,passive_s_state,queue_depth,network_connected,ping_latency_ms,packet_loss_pct,pc_cpu_pct,pc_ram_used_mb,process_restart_count,data_loss_observed,notes,source_row
exp_v1_baseline,run_001,2026-08-22T09:00:00.000,0,True,True,48.5,1155,28.2,67.3,False,False,4.4,12.2,listening,0,True,14.3,0,20.3,2454,0,False,,2
exp_v1_baseline,run_001,2026-08-22T09:01:00.000,60,True,True,60.4,1156,28.2,66.7,False,False,4.33,12.3,idle,1,True,16.4,0,8.5,2453,0,False,,3
exp_v1_baseline,run_001,2026-08-22T09:02:00.000,120,True,True,56.2,1160,28.3,69.7,False,False,3.94,14.3,listening,0,True,9.2,0,19.9,2444,0,False,,4
exp_v1_baseline,run_001,2026-08-22T09:03:00.000,180,True,True,65.3,1138,27.8,62.8,False,False,4.09,14.3,idle,0,True,14.1,0,14.5,2453,0,False,,5
exp_v1_baseline,run_001,2026-08-22T09:04:00.000,240,True,True,61.5,1150,28.1,64,False,False,4.32,15.6,listening,0,True,15.2,0,21,2453,0,False,,6
exp_v1_baseline,run_001,2026-08-22T09:05:00.000,300,True,True,62.4,1145,28,67,False,False,4.18,13.5,idle,0,True,15.8,0,19.8,2456,0,False,,7
exp_v1_baseline,run_001,2026-08-22T09:06:00.000,360,True,True,45.9,1147,28,70.3,False,False,3.98,12.1,listening,0,True,7.9,0,20.4,2444,0,False,,8
exp_v1_baseline,run_001,2026-08-22T09:07:00.000,420,True,True,58.8,1155,28.2,70.6,True,False,4.09,10.7,idle,0,True,12.3,0,20.2,2459,0,False,,9
exp_v1_baseline,run_001,2026-08-22T09:08:00.000,480,True,True,90.6,1148,28,71.9,False,False,4.1,13.6,listening,0,True,21.3,0,16.2,2450,0,False,,10
exp_v1_baseline,run_001,2026-08-22T09:09:00.000,540,True,True,83.3,1158,28.3,69.2,False,False,4.38,12.5,listening,0,True,10.3,0,49.2,2460,0,False,,11
exp_v1_baseline,run_001,2026-08-22T09:10:00.000,600,True,True,56.9,1159,28.3,66.9,False,False,4.21,12.7,idle,0,True,10.8,0,17,2458,0,False,,12
exp_v1_baseline,run_001,2026-08-22T09:11:00.000,660,True,True,57.1,1153,28.1,72.1,False,False,4.05,13.3,idle,0,True,17.3,0,16.9,2459,0,False,,13
exp_v1_baseline,run_001,2026-08-22T09:12:00.000,720,True,True,55,1172,28.6,69.3,False,False,4.14,12.5,listening,1,True,6.9,0,12.4,2466,0,False,,14
exp_v1_baseline,run_001,2026-08-22T09:13:00.000,780,True,True,57.8,1177,28.7,71.2,False,False,4.22,14.5,idle,0,True,18,0,13.3,2459,0,False,,15
exp_v1_baseline,run_001,2026-08-22T09:14:00.000,840,True,True,50.4,1153,28.1,70.3,False,False,4.02,13.2,idle,0,True,11.4,0,17.8,2458,0,False,,16
exp_v1_baseline,run_001,2026-08-22T09:15:00.000,900,True,True,58.5,1173,28.6,65.4,False,False,4.29,13.3,idle,0,True,15.2,0,19.4,2450,0,False,,17
exp_v1_baseline,run_001,2026-08-22T09:16:00.000,960,True,True,59.3,1159,28.3,68.9,False,False,4.25,15,idle,0,True,14.6,0,14.7,2458,0,False,,18
exp_v1_baseline,run_001,2026-08-22T09:17:00.000,1020,True,True,54.1,1168,28.5,65.6,False,False,4.21,13.3,listening,0,True,11.4,0,24.7,2458,0,False,,19
exp_v1_baseline,run_001,2026-08-22T09:18:00.000,1080,True,True,61.4,1156,28.2,70.1,False,False,4.35,14.5,idle,0,True,11.9,0,17.2,2460,0,False,,20
exp_v1_baseline,run_001,2026-08-22T09:19:00.000,1140,True,True,61.3,1173,28.6,67.4,False,False,4,14.1,listening,0,True,13.6,0,26.1,2458,0,False,,21
exp_v1_baseline,run_001,2026-08-22T09:20:00.000,1200,True,True,56.1,1167,28.5,66.7,False,False,3.98,13.4,listening,0,True,14.1,0.98,19.9,2451,0,False,,22
exp_v1_baseline,run_001,2026-08-22T09:21:00.000,1260,True,True,57.6,1169,28.5,69.6,False,False,4.48,13.2,idle,0,True,10.1,0,13.5,2459,0,False,,23
exp_v1_baseline,run_001,2026-08-22T09:22:00.000,1320,True,True,54.8,1170,28.6,65.5,False,False,3.95,13.8,listening,0,True,4.2,1.12,20.8,2454,0,False,,24
exp_v1_baseline,run_001,2026-08-22T09:23:00.000,1380,True,True,51.6,1156,28.2,66.7,False,False,4.12,15.2,idle,0,True,8.7,0,15,2462,0,False,,25
exp_v1_baseline,run_001,2026-08-22T09:24:00.000,1440,True,True,44.9,1173,28.6,73.4,False,False,4.05,14,idle,0,True,11.5,0,25.1,2466,0,False,,26
exp_v1_baseline,run_001,2026-08-22T09:25:00.000,1500,True,True,61.3,1171,28.6,70,False,False,4.14,12.9,listening,0,True,9.2,0,23.4,2458,0,False,,27
exp_v1_baseline,run_001,2026-08-22T09:26:00.000,1560,True,True,84.2,1166,28.5,70.6,False,False,4.18,15.6,idle,0,True,18,0,17.7,2462,0,False,,28
exp_v1_baseline,run_001,2026-08-22T09:27:00.000,1620,True,True,81.1,1175,28.7,69.7,False,False,4.31,14.1,idle,0,True,16.9,0,18.6,2468,0,False,,29
exp_v1_baseline,run_001,2026-08-22T09:28:00.000,1680,True,True,90.3,1176,28.7,69.7,False,False,4.33,14.3,idle,0,True,11.7,0,37.1,2462,0,False,,30
exp_v1_baseline,run_001,2026-08-22T09:29:00.000,1740,True,True,53.8,1179,28.8,69,False,False,4.08,15.3,idle,0,True,12.4,0,22.3,2453,0,False,,31
exp_v1_baseline,run_001,2026-08-22T09:30:00.000,1800,True,True,58.7,1169,28.5,69.5,False,False,4.26,13.6,listening,0,True,6,1.2,21.7,2463,0,False,,32
exp_v1_baseline,run_001,2026-08-22T09:31:00.000,1860,True,True,66.9,1188,29,67.8,False,False,4.25,12.8,listening,0,True,15.5,0,21.3,2462,0,False,,33
exp_v1_baseline,run_001,2026-08-22T09:32:00.000,1920,True,True,65.4,1166,28.5,73,False,False,4.31,13.1,idle,0,True,8.4,0,17.8,2466,0,False,,34
exp_v1_baseline,run_001,2026-08-22T09:33:00.000,1980,True,True,51.2,1187,29,66.7,False,False,4.28,12.3,idle,0,True,13,0,15.1,2459,0,False,,35
exp_v1_baseline,run_001,2026-08-22T09:34:00.000,2040,True,True,55.4,1167,28.5,70,False,False,4.14,13.6,idle,0,True,16.9,0,12.8,2462,0,False,,36
exp_v1_baseline,run_001,2026-08-22T09:35:00.000,2100,True,True,56.2,1162,28.4,71.1,False,False,3.92,13.3,idle,0,True,9.4,0,12.2,2472,0,False,,37
exp_v1_baseline,run_001,2026-08-22T09:36:00.000,2160,True,True,56.7,1177,28.7,75.4,False,False,4.05,12,listening,0,True,3.8,0,20.1,2474,0,False,,38
exp_v1_baseline,run_001,2026-08-22T09:37:00.000,2220,True,True,50.5,1177,28.7,69.9,False,False,4.41,13.1,idle,0,True,23.3,0,19.4,2463,0,False,,39
exp_v1_baseline,run_001,2026-08-22T09:38:00.000,2280,True,True,51.3,1192,29.1,71.5,False,False,4.12,13.7,idle,0,True,12.9,0,19,2472,0,False,,40
exp_v1_baseline,run_001,2026-08-22T09:39:00.000,2340,True,True,39.3,1165,28.4,68.4,True,False,4.29,11.9,listening,0,True,8.5,0,17,2469,0,False,,41
exp_v1_baseline,run_001,2026-08-22T09:40:00.000,2400,True,True,63.9,1191,29.1,69,False,False,4,12.5,idle,0,True,11.9,0,10.4,2463,0,False,,42
exp_v1_baseline,run_001,2026-08-22T09:41:00.000,2460,True,True,46.6,1191,29.1,70.8,False,False,3.92,13.2,idle,0,True,14.8,0,21.7,2470,0,False,,43
exp_v1_baseline,run_001,2026-08-22T09:42:00.000,2520,True,True,57.8,1177,28.7,75.5,False,False,4.3,15,idle,0,True,5.2,0,17.3,2469,0,False,,44
exp_v1_baseline,run_001,2026-08-22T09:43:00.000,2580,True,True,54.5,1185,28.9,71.1,False,False,3.99,13.4,idle,0,True,14.8,0,15.7,2462,0,False,,45
exp_v1_baseline,run_001,2026-08-22T09:44:00.000,2640,True,True,51.2,1179,28.8,71.7,False,False,4.13,13.2,listening,0,True,14,0,19.7,2468,0,False,,46
exp_v1_baseline,run_001,2026-08-22T09:45:00.000,2700,True,True,52.3,1185,28.9,71,False,False,4.24,12,listening,0,True,46.5,0,13.1,2472,0,False,,47
exp_v1_baseline,run_001,2026-08-22T09:46:00.000,2760,True,True,54.4,1190,29.1,69.2,False,False,4.19,12.7,listening,0,True,11.4,0,24.4,2466,0,False,,48
exp_v1_baseline,run_001,2026-08-22T09:47:00.000,2820,True,True,58.4,1182,28.9,67.2,False,False,4.15,13.6,idle,0,True,17.1,0,13.9,2471,0,False,,49
exp_v1_baseline,run_001,2026-08-22T09:48:00.000,2880,True,True,62.6,1192,29.1,67,False,False,4.31,14,idle,0,True,11.5,0,16.3,2471,0,False,,50
exp_v1_baseline,run_001,2026-08-22T09:49:00.000,2940,True,True,52.4,1193,29.1,72.8,False,False,3.9,14.6,idle,0,True,14.6,0,23.6,2468,0,False,,51
exp_v1_baseline,run_001,2026-08-22T09:50:00.000,3000,True,True,59.7,1194,29.1,70.7,False,False,4.24,14.7,idle,0,True,10.3,0,22.2,2466,0,False,,52
exp_v1_baseline,run_001,2026-08-22T09:51:00.000,3060,True,True,63.3,1191,29.1,69,False,False,4.34,13.8,idle,0,True,6.9,0.62,16.7,2478,0,False,,53
exp_v1_baseline,run_001,2026-08-22T09:52:00.000,3120,True,True,60.6,1192,29.1,67.6,False,False,4.31,15.4,idle,0,True,14.2,0,22.2,2470,0,False,,54
exp_v1_baseline,run_001,2026-08-22T09:53:00.000,3180,True,True,43.6,1179,28.8,73.2,True,False,4.2,12.4,idle,0,True,11.7,0,18.9,2464,0,False,,55
exp_v1_baseline,run_001,2026-08-22T09:54:00.000,3240,True,True,66,1198,29.2,68.6,False,False,4.38,14.9,idle,0,True,3.7,0,21,2470,0,False,,56
exp_v1_baseline,run_001,2026-08-22T09:55:00.000,3300,True,True,53.1,1185,28.9,69.9,False,False,4.04,13.3,idle,0,True,13.8,0,23,2477,0,False,,57
exp_v1_baseline,run_001,2026-08-22T09:56:00.000,3360,True,True,56.9,1196,29.2,72.4,False,False,4.08,14,listening,0,True,12,0,17.7,2467,0,False,,58
exp_v1_baseline,run_001,2026-08-22T09:57:00.000,3420,True,True,51.6,1182,28.9,69.1,False,False,4.05,12.1,idle,1,True,5.9,0,23.4,2472,0,False,,59
exp_v1_baseline,run_001,2026-08-22T09:58:00.000,3480,True,True,58.2,1183,28.9,70.8,False,False,4.61,14,idle,0,True,17.7,0,13.8,2474,0,False,,60
exp_v1_baseline,run_001,2026-08-22T09:59:00.000,3540,True,True,60.1,1203,29.4,70.9,False,False,4.11,14.8,idle,0,True,9.5,0,13.4,2476,0,False,,61
exp_v1_baseline,run_002,2026-08-23T10:30:00.000,0,True,True,59.3,1148,28,70.1,False,False,3.8,12.8,idle,0,True,14.3,0,23.1,2455,0,False,,62
exp_v1_baseline,run_002,2026-08-23T10:31:00.000,60,True,True,90.6,1155,28.2,66.4,False,False,4.36,13.6,listening,0,True,11.6,0,11.9,2455,0,False,,63
exp_v1_baseline,run_002,2026-08-23T10:32:00.000,120,True,True,79.1,1156,28.2,67.5,False,False,4.05,12.3,idle,0,True,10.7,0.59,15.7,2450,0,False,,64
exp_v1_baseline,run_002,2026-08-23T10:33:00.000,180,True,True,81.1,1145,27.9,74.2,False,False,4.19,13.7,idle,0,True,11.1,0,20.7,2453,0,False,,65
exp_v1_baseline,run_002,2026-08-23T10:34:00.000,240,True,True,84.9,1151,28.1,70.4,False,False,4.18,14.2,idle,0,True,6.7,0,35.7,2440,0,False,,66
exp_v1_baseline,run_002,2026-08-23T10:35:00.000,300,True,True,61.2,1168,28.5,67.3,False,False,4.3,13.3,idle,0,True,12.2,0,16.2,2449,0,False,,67
exp_v1_baseline,run_002,2026-08-23T10:36:00.000,360,True,True,60,1147,28,62.4,False,False,4.32,13.2,idle,0,True,8.4,0,6.2,2460,0,False,,68
exp_v1_baseline,run_002,2026-08-23T10:37:00.000,420,True,True,76.7,1162,28.4,69.7,False,False,4.37,12.6,idle,0,True,13.5,0,13.5,2446,0,False,,69
exp_v1_baseline,run_002,2026-08-23T10:38:00.000,480,True,True,57.3,1161,28.4,66,True,False,4.11,11.1,listening,0,True,8.1,0,38.1,2453,0,False,,70
exp_v1_baseline,run_002,2026-08-23T10:39:00.000,540,True,True,82.5,1160,28.3,71.8,False,False,4.31,13.7,listening,0,True,11.8,0,19,2446,0,False,,71
exp_v1_baseline,run_002,2026-08-23T10:40:00.000,600,True,True,86.8,1170,28.6,71.8,False,False,4.28,12.8,idle,0,True,2,0,40.8,2448,0,False,,72
exp_v1_baseline,run_002,2026-08-23T10:41:00.000,660,True,True,87.1,1164,28.4,70.2,False,False,4.18,13.7,idle,0,True,9.2,0,52.7,2455,0,False,,73
exp_v1_baseline,run_002,2026-08-23T10:42:00.000,720,True,True,63.5,1164,28.4,65.9,False,False,4.19,14.1,listening,0,True,14.5,0,20.4,2450,0,False,,74
exp_v1_baseline,run_002,2026-08-23T10:43:00.000,780,True,True,49.3,1154,28.2,63.5,False,False,4.09,13.3,idle,0,True,14.2,0,17.7,2458,0,False,,75
exp_v1_baseline,run_002,2026-08-23T10:44:00.000,840,True,True,79.7,1181,28.8,67.8,False,False,4.07,13,idle,0,True,10.8,0,25.7,2459,0,False,,76
exp_v1_baseline,run_002,2026-08-23T10:45:00.000,900,True,True,88.1,1172,28.6,71.1,False,False,4.41,14.4,idle,0,True,8.8,0,14.3,2459,0,False,,77
exp_v1_baseline,run_002,2026-08-23T10:46:00.000,960,True,True,82.1,1159,28.3,68.2,False,False,4.3,14.3,idle,0,True,11.7,0,44,2459,0,False,,78
exp_v1_baseline,run_002,2026-08-23T10:47:00.000,1020,True,True,91.1,1166,28.5,73.8,False,False,4.16,14.8,listening,0,True,9.4,0,21.4,2453,0,False,,79
exp_v1_baseline,run_002,2026-08-23T10:48:00.000,1080,True,True,82.8,1169,28.6,70.5,False,False,4.5,14.2,listening,1,True,7,0,17.7,2462,0,False,,80
exp_v1_baseline,run_002,2026-08-23T10:49:00.000,1140,True,True,75.9,1167,28.5,68.6,False,False,4.16,11.9,idle,0,True,9.7,0,46.2,2469,0,False,,81
exp_v1_baseline,run_002,2026-08-23T10:50:00.000,1200,True,True,39,1170,28.6,68.2,True,False,4.08,11.8,listening,0,True,7.4,0,16.3,2463,0,False,,82
exp_v1_baseline,run_002,2026-08-23T10:51:00.000,1260,True,True,49.4,1157,28.3,65.9,False,False,4.09,13.3,listening,0,True,12.1,0,24.5,2453,0,False,,83
exp_v1_baseline,run_002,2026-08-23T10:52:00.000,1320,True,True,52.4,1161,28.3,65.1,False,False,3.71,14.5,idle,0,True,13.5,0,19.3,2456,0,False,,84
exp_v1_baseline,run_002,2026-08-23T10:53:00.000,1380,True,True,49.6,1164,28.4,66.5,False,False,4.17,12.3,idle,0,True,11.9,0,12.9,2459,0,False,,85
exp_v1_baseline,run_002,2026-08-23T10:54:00.000,1440,True,True,64.8,1170,28.6,71.6,False,False,4.12,12.7,idle,0,True,4.8,0,21.1,2459,0,False,,86
exp_v1_baseline,run_002,2026-08-23T10:55:00.000,1500,True,True,53.7,1189,29,69.5,False,False,3.84,12.4,idle,0,True,12.6,0,9.8,2458,0,False,,87
exp_v1_baseline,run_002,2026-08-23T10:56:00.000,1560,True,True,53.6,1176,28.7,69.5,False,False,4.16,14.7,idle,0,True,9.3,0,15.1,2459,0,False,,88
exp_v1_baseline,run_002,2026-08-23T10:57:00.000,1620,True,True,65.6,1181,28.8,74.2,False,False,4.3,14.2,idle,0,True,14.1,0,20.3,2461,0,False,,89
exp_v1_baseline,run_002,2026-08-23T10:58:00.000,1680,True,True,50.9,1160,28.3,66.7,False,False,3.86,14.9,idle,0,True,14.5,0,26.8,2464,0,False,,90
exp_v1_baseline,run_002,2026-08-23T10:59:00.000,1740,True,True,48,1182,28.8,73.8,False,False,4.17,13.5,listening,1,True,3.9,0,21.3,2460,0,False,,91
exp_v1_baseline,run_002,2026-08-23T11:00:00.000,1800,True,True,49.8,1178,28.8,70.2,False,False,4.04,13.8,idle,0,True,8.7,0.57,16.3,2470,0,False,,92
exp_v1_baseline,run_002,2026-08-23T11:01:00.000,1860,True,True,60.9,1186,29,67.1,False,False,4.26,15.6,idle,0,True,70.7,0,17.6,2467,0,False,,93
exp_v1_baseline,run_002,2026-08-23T11:02:00.000,1920,True,True,51.2,1171,28.6,68.1,False,False,4.21,14.2,idle,0,True,17.1,0,11.9,2454,0,False,,94
exp_v1_baseline,run_002,2026-08-23T11:03:00.000,1980,True,True,55.1,1181,28.8,66.6,False,False,4.15,12.9,idle,0,True,3.6,0,15.7,2458,0,False,,95
exp_v1_baseline,run_002,2026-08-23T11:04:00.000,2040,True,True,59.7,1168,28.5,65.8,False,False,4.46,14,idle,0,True,10.5,0,15.3,2457,0,False,,96
exp_v1_baseline,run_002,2026-08-23T11:05:00.000,2100,True,True,45.2,1180,28.8,70.6,False,False,4.11,12.2,listening,1,True,9.8,0.41,21.8,2467,0,False,,97
exp_v1_baseline,run_002,2026-08-23T11:06:00.000,2160,True,True,55.7,1170,28.6,75.2,False,False,3.8,14.3,idle,0,True,16.3,0,9.5,2468,0,False,,98
exp_v1_baseline,run_002,2026-08-23T11:07:00.000,2220,True,True,56.2,1183,28.9,70.4,False,False,4.06,14.4,listening,0,True,11.8,0,22.4,2464,0,False,,99
exp_v1_baseline,run_002,2026-08-23T11:08:00.000,2280,True,True,56.8,1173,28.6,69.9,False,False,4.33,14.6,listening,0,True,7.2,0,20.3,2463,0,False,,100
exp_v1_baseline,run_002,2026-08-23T11:09:00.000,2340,True,True,65.3,1186,29,67.2,False,False,3.85,12.5,idle,0,True,13.9,0,18.9,2477,0,False,,101
exp_v1_baseline,run_002,2026-08-23T11:10:00.000,2400,True,True,51,1178,28.8,70.4,False,False,3.98,12.6,listening,0,True,11.4,0,20.7,2473,0,False,,102
exp_v1_baseline,run_002,2026-08-23T11:11:00.000,2460,True,True,56.3,1183,28.9,68.1,False,False,3.99,12.9,listening,0,True,13.8,0,19.4,2465,0,False,,103
exp_v1_baseline,run_002,2026-08-23T11:12:00.000,2520,True,True,56,1185,28.9,67,False,False,4.24,13.3,idle,0,True,13.4,0,21.7,2469,0,False,,104
exp_v1_baseline,run_002,2026-08-23T11:13:00.000,2580,True,True,56.7,1184,28.9,70.8,False,False,3.91,14,listening,0,True,20.4,0,17.6,2459,0,False,,105
exp_v1_baseline,run_002,2026-08-23T11:14:00.000,2640,True,True,58.4,1168,28.5,69,False,False,3.97,13.3,idle,0,True,16.4,0,11,2470,0,False,,106
exp_v1_baseline,run_003,2026-08-25T14:00:00.000,0,True,True,56.2,1137,27.8,68.6,False,False,4.28,13.5,idle,0,True,11.3,0,19,2454,0,False,,107
exp_v1_baseline,run_003,2026-08-25T14:01:00.000,60,True,True,53.9,1149,28.1,70.2,False,False,4.06,13.3,idle,0,True,5.5,0,15.6,2450,0,False,,108
exp_v1_baseline,run_003,2026-08-25T14:02:00.000,120,True,True,72,1137,27.8,63.4,False,False,4.16,13.6,listening,0,True,12.1,0,18.9,2457,0,False,,109
exp_v1_baseline,run_003,2026-08-25T14:03:00.000,180,True,True,90.9,1157,28.3,72.8,False,False,4.17,14.9,idle,0,True,12.7,0,9.4,2457,0,False,,110
exp_v1_baseline,run_003,2026-08-25T14:04:00.000,240,True,True,83.9,1170,28.6,70.4,False,False,4.52,15.5,idle,0,True,16.8,0,18.8,2450,0,False,,111
exp_v1_baseline,run_003,2026-08-25T14:05:00.000,300,True,True,75.5,1154,28.2,68.6,False,False,4.33,15,idle,0,True,15.8,0,39.6,2446,0,False,,112
exp_v1_baseline,run_003,2026-08-25T14:06:00.000,360,True,True,65.5,1148,28,67.5,False,False,4.58,12.2,listening,0,True,56.6,0,21.2,2444,0,False,,113
exp_v1_baseline,run_003,2026-08-25T14:07:00.000,420,True,True,62.6,1153,28.2,63.8,False,False,4.02,12.4,idle,0,True,16.4,0,17,2455,0,False,,114
exp_v1_baseline,run_003,2026-08-25T14:08:00.000,480,True,True,85.3,1160,28.3,69.2,False,False,4.12,13.7,listening,0,True,7.7,0,14.6,2451,0,False,,115
exp_v1_baseline,run_003,2026-08-25T14:09:00.000,540,True,True,79.2,1151,28.1,72.4,False,False,4.31,12.8,listening,0,True,14.4,0,19.4,2455,0,False,,116
exp_v1_baseline,run_003,2026-08-25T14:10:00.000,600,True,True,83.7,1163,28.4,71.9,False,False,4.32,13.6,idle,0,True,11.5,0,45.4,2454,0,False,,117
exp_v1_baseline,run_003,2026-08-25T14:11:00.000,660,True,True,56.6,1155,28.2,68.3,False,False,4.23,13,idle,0,True,18.7,0,14.7,2451,0,False,,118
exp_v1_baseline,run_003,2026-08-25T14:12:00.000,720,True,True,58.5,1161,28.3,69.8,False,False,3.99,12,idle,0,True,15.1,0,16.5,2450,0,False,,119
exp_v1_baseline,run_003,2026-08-25T14:13:00.000,780,True,True,60.7,1168,28.5,68.2,False,False,3.9,13.2,idle,0,True,14.9,0,20.5,2456,0,False,,120
exp_v1_baseline,run_003,2026-08-25T14:14:00.000,840,True,True,58.2,1160,28.3,70.2,False,False,4.1,15.1,idle,0,True,15.3,0,18,2459,0,False,,121
exp_v1_baseline,run_003,2026-08-25T14:15:00.000,900,True,True,52.8,1166,28.5,65.9,False,False,3.98,14.1,listening,0,True,9,0,10.6,2450,0,False,,122
exp_v1_baseline,run_003,2026-08-25T14:16:00.000,960,True,True,61.5,1167,28.5,70.4,False,False,4.37,12.1,listening,0,True,3.7,0,19.2,2465,0,False,,123
exp_v1_baseline,run_003,2026-08-25T14:17:00.000,1020,True,True,49.4,1160,28.3,66.7,False,False,4.24,15.3,idle,0,True,23.3,0,21.2,2450,0,False,,124
exp_v1_baseline,run_003,2026-08-25T14:18:00.000,1080,True,True,54.8,1171,28.6,66.4,False,False,4.1,13.2,listening,0,True,67.4,0,20.9,2447,0,False,,125
exp_v1_baseline,run_003,2026-08-25T14:19:00.000,1140,True,True,84.4,1156,28.2,69.9,False,False,4.44,14,idle,0,True,17.4,0,17.7,2458,0,False,,126
exp_v1_baseline,run_003,2026-08-25T14:20:00.000,1200,True,True,87,1173,28.6,72.8,False,False,4.06,13.6,idle,0,True,13.9,0,14.9,2462,0,False,,127
exp_v1_baseline,run_003,2026-08-25T14:21:00.000,1260,True,True,82.8,1173,28.6,73.7,False,False,4.5,13.1,listening,0,True,8.9,0,46.5,2463,0,False,,128
exp_v1_baseline,run_003,2026-08-25T14:22:00.000,1320,True,True,51.9,1173,28.6,73.9,False,False,3.91,13.4,idle,0,True,14.5,0,15.4,2460,0,False,,129
exp_v1_baseline,run_003,2026-08-25T14:23:00.000,1380,True,True,52.3,1176,28.7,66.5,False,False,4.22,14.1,idle,0,True,58,0,19,2453,0,False,,130
exp_v1_baseline,run_003,2026-08-25T14:24:00.000,1440,True,True,59,1161,28.3,67.2,False,False,4.08,12,idle,0,True,10.2,0,17.5,2453,0,False,,131
exp_v1_baseline,run_003,2026-08-25T14:25:00.000,1500,True,True,79.5,1187,29,72.9,False,False,4.19,13.9,idle,0,True,18.3,0,12.8,2455,0,False,,132
exp_v1_baseline,run_003,2026-08-25T14:26:00.000,1560,True,True,62.2,1158,28.3,65.7,False,False,4.11,13.2,idle,0,True,17,0,22.4,2467,0,False,,133
exp_v1_baseline,run_003,2026-08-25T14:27:00.000,1620,True,True,56.2,1174,28.7,66.9,False,False,3.9,13.2,idle,0,True,14.7,0,15.3,2458,0,False,,134
exp_v1_baseline,run_003,2026-08-25T14:28:00.000,1680,True,True,67.5,1180,28.8,65.7,False,False,4.36,12.5,idle,0,True,13.3,0,23.6,2460,0,False,,135
exp_v1_baseline,run_003,2026-08-25T14:29:00.000,1740,True,True,54.2,1159,28.3,63.9,False,False,4.4,13.2,idle,0,True,14.9,0,23.3,2457,0,False,,136
exp_v2_improved,run_004,2026-08-29T09:00:00.000,0,True,True,48.7,1383,33.8,62.1,False,False,3.57,16,idle,0,True,6.8,0,21,2444,0,False,,137
exp_v2_improved,run_004,2026-08-29T09:01:00.000,60,True,True,45.9,1384,33.8,56.7,False,False,3.41,15.6,idle,0,True,2,0,20.1,2453,0,False,,138
exp_v2_improved,run_004,2026-08-29T09:02:00.000,120,True,True,62.1,1381,33.7,60.7,False,False,3.75,15.7,idle,0,True,8.3,0,11.3,2456,0,False,,139
exp_v2_improved,run_004,2026-08-29T09:03:00.000,180,True,True,47,1376,33.6,60.2,False,False,3.59,15.6,idle,0,True,8.7,0,17.5,2460,0,False,,140
exp_v2_improved,run_004,2026-08-29T09:04:00.000,240,True,True,43.6,1385,33.8,57,False,False,3.6,15.6,idle,0,True,5.2,0,22.7,2453,0,False,,141
exp_v2_improved,run_004,2026-08-29T09:05:00.000,300,True,True,44.4,1380,33.7,58.9,False,False,3.61,15.8,idle,0,True,4.9,0,16.4,2451,0,False,,142
exp_v2_improved,run_004,2026-08-29T09:06:00.000,360,True,True,39.2,1388,33.9,59.2,False,False,3.41,15,listening,0,True,32.6,0,19.3,2451,0,False,,143
exp_v2_improved,run_004,2026-08-29T09:07:00.000,420,True,True,40.2,1393,34,56.7,False,False,3.55,15.8,listening,0,True,8,0,13.8,2457,0,False,,144
exp_v2_improved,run_004,2026-08-29T09:08:00.000,480,True,True,42.6,1376,33.6,57.6,False,False,3.61,15.7,listening,0,True,13.8,0,14.8,2451,0,False,,145
exp_v2_improved,run_004,2026-08-29T09:09:00.000,540,True,True,64,1385,33.8,57.1,False,False,3.72,15.4,idle,0,True,10.6,0,14.1,2457,0,False,,146
exp_v2_improved,run_004,2026-08-29T09:10:00.000,600,True,True,38.1,1385,33.8,56.9,False,False,3.41,15.8,listening,0,True,5.6,0,20.3,2458,0,False,,147
exp_v2_improved,run_004,2026-08-29T09:11:00.000,660,True,True,58.6,1386,33.8,55.8,False,False,3.76,16,idle,0,True,8.2,0,18.7,2452,0,False,,148
exp_v2_improved,run_004,2026-08-29T09:12:00.000,720,True,True,45,1380,33.7,58.2,False,False,3.5,15.9,idle,0,True,7.9,0,19.3,2456,0,False,,149
exp_v2_improved,run_004,2026-08-29T09:13:00.000,780,True,True,39.2,1391,34,58.4,False,False,3.42,16,idle,0,True,6.9,0,16.7,2454,0,False,,150
exp_v2_improved,run_004,2026-08-29T09:14:00.000,840,True,True,35.1,1385,33.8,60.2,False,False,3.48,15.7,listening,0,True,4.4,0,17.9,2454,0,False,,151
exp_v2_improved,run_004,2026-08-29T09:15:00.000,900,True,True,41.7,1390,33.9,59.6,False,False,3.42,15.7,idle,0,True,3,0,20.8,2457,0,False,,152
exp_v2_improved,run_004,2026-08-29T09:16:00.000,960,True,True,44.8,1392,34,60.2,False,False,3.48,15.5,idle,0,True,7.6,0,19,2458,0,False,,153
exp_v2_improved,run_004,2026-08-29T09:17:00.000,1020,True,True,41,1392,34,58.9,False,False,3.4,16,listening,0,True,9.9,0,17.2,2454,0,False,,154
exp_v2_improved,run_004,2026-08-29T09:18:00.000,1080,True,True,38.8,1374,33.5,60.2,False,False,3.52,16,idle,0,True,5.3,0,16.5,2454,0,False,,155
exp_v2_improved,run_004,2026-08-29T09:19:00.000,1140,True,True,60.7,1394,34,59.3,False,False,3.7,16,idle,0,True,9,0,12.1,2450,0,False,,156
exp_v2_improved,run_004,2026-08-29T09:20:00.000,1200,True,True,67.7,1397,34.1,61.9,False,False,3.8,15.3,idle,0,True,9,0,18.4,2455,0,False,,157
exp_v2_improved,run_004,2026-08-29T09:21:00.000,1260,True,True,65.4,1392,34,56.9,False,False,3.53,15.6,idle,0,True,7.2,0,39.8,2469,0,False,,158
exp_v2_improved,run_004,2026-08-29T09:22:00.000,1320,True,True,46.9,1392,34,55.8,False,False,3.56,15.6,listening,0,True,53.4,0,17.4,2453,0,False,,159
exp_v2_improved,run_004,2026-08-29T09:23:00.000,1380,True,True,37.9,1398,34.1,59.7,False,False,3.55,15.8,idle,0,True,2.3,0,9.7,2463,0,False,,160
exp_v2_improved,run_004,2026-08-29T09:24:00.000,1440,True,True,45.1,1392,34,57.7,False,False,3.67,15.6,idle,0,True,4.3,0,19.4,2448,0,False,,161
exp_v2_improved,run_004,2026-08-29T09:25:00.000,1500,True,True,39,1392,34,61.3,False,False,3.54,15.5,idle,0,True,10.6,0,16.8,2457,0,False,,162
exp_v2_improved,run_004,2026-08-29T09:26:00.000,1560,True,True,59.7,1401,34.2,60.7,False,False,3.68,15.6,idle,0,True,2.8,0,15.6,2454,0,False,,163
exp_v2_improved,run_004,2026-08-29T09:27:00.000,1620,True,True,61.8,1389,33.9,58.5,False,False,3.49,15.5,idle,0,True,10.5,0,16.1,2459,0,False,,164
exp_v2_improved,run_004,2026-08-29T09:28:00.000,1680,True,True,68.2,1387,33.9,59.4,False,False,3.51,15.8,idle,0,True,3.2,0,35.8,2460,0,False,,165
exp_v2_improved,run_004,2026-08-29T09:29:00.000,1740,True,True,67.9,1383,33.8,57.8,False,False,3.5,15.8,idle,0,True,11.5,0,12.6,2461,0,False,,166
exp_v2_improved,run_004,2026-08-29T09:30:00.000,1800,True,True,68.6,1401,34.2,58.2,False,False,3.72,15.3,listening,0,True,4.6,0,31.9,2460,0,False,,167
exp_v2_improved,run_004,2026-08-29T09:31:00.000,1860,True,True,36.3,1407,34.3,63.1,False,False,3.59,16,idle,0,True,6.4,0,14.9,2460,0,False,,168
exp_v2_improved,run_004,2026-08-29T09:32:00.000,1920,True,True,35.4,1411,34.4,55.4,False,False,3.4,15.7,idle,0,True,8.3,0,17.5,2460,0,False,,169
exp_v2_improved,run_004,2026-08-29T09:33:00.000,1980,True,True,45.1,1389,33.9,60.3,False,False,3.56,15.6,idle,0,True,7.2,0,13.8,2457,0,False,,170
exp_v2_improved,run_004,2026-08-29T09:34:00.000,2040,True,True,38.6,1402,34.2,61.2,False,False,3.52,15.6,idle,0,True,6.3,0,11,2464,0,False,,171
exp_v2_improved,run_004,2026-08-29T09:35:00.000,2100,True,True,42.2,1400,34.2,54.8,False,False,3.47,15.5,listening,0,True,6,0,12.2,2459,0,False,,172
exp_v2_improved,run_004,2026-08-29T09:36:00.000,2160,True,True,29.2,1391,34,61.3,False,False,3.41,15.7,listening,0,True,8.9,0,16.9,2459,0,False,,173
exp_v2_improved,run_004,2026-08-29T09:37:00.000,2220,True,True,38.4,1396,34.1,59.8,False,False,3.45,15.9,idle,1,True,4.2,0,16.3,2459,0,False,,174
exp_v2_improved,run_004,2026-08-29T09:38:00.000,2280,True,True,45.8,1406,34.3,60.3,False,False,3.52,15.8,idle,0,True,2,0,12.4,2460,0,False,,175
exp_v2_improved,run_004,2026-08-29T09:39:00.000,2340,True,True,44.4,1405,34.3,58.8,False,False,3.43,15.7,idle,0,True,6.1,0,16.8,2459,0,False,,176
exp_v2_improved,run_004,2026-08-29T09:40:00.000,2400,True,True,47.4,1391,34,60.9,False,False,3.52,15.7,idle,0,True,4.4,0,19.1,2460,0,False,,177
exp_v2_improved,run_004,2026-08-29T09:41:00.000,2460,True,True,36,1402,34.2,62.6,False,False,3.54,15.3,idle,0,True,10,0,16.4,2464,0,False,,178
exp_v2_improved,run_004,2026-08-29T09:42:00.000,2520,True,True,43.6,1402,34.2,60.2,False,False,3.61,16,listening,0,True,4.9,0,11.6,2464,0,False,,179
exp_v2_improved,run_004,2026-08-29T09:43:00.000,2580,True,True,36.7,1411,34.5,60.1,False,False,3.45,16,listening,0,True,2.9,0,13.6,2459,0,False,,180
exp_v2_improved,run_004,2026-08-29T09:44:00.000,2640,True,True,50.6,1391,34,58.8,False,False,3.56,15.8,idle,0,True,11.1,0,21.4,2459,0,False,,181
exp_v2_improved,run_004,2026-08-29T09:45:00.000,2700,True,True,38.6,1404,34.3,57.3,False,False,3.47,16,idle,0,True,7,0,14.4,2460,0,False,,182
exp_v2_improved,run_004,2026-08-29T09:46:00.000,2760,True,True,39.9,1408,34.4,59.4,False,False,3.64,15.8,listening,0,True,10.4,0,13.5,2466,0,False,,183
exp_v2_improved,run_004,2026-08-29T09:47:00.000,2820,True,True,42.7,1405,34.3,58.8,False,False,3.72,15,idle,0,True,2.2,0,13.4,2461,0,False,,184
exp_v2_improved,run_004,2026-08-29T09:48:00.000,2880,True,True,46.4,1402,34.2,61.2,False,False,3.66,15.3,idle,0,True,7.9,0,20.1,2461,0,False,,185
exp_v2_improved,run_004,2026-08-29T09:49:00.000,2940,True,True,42.6,1409,34.4,56.7,False,False,3.61,15.6,listening,0,True,7.3,0,13.7,2465,0,False,,186
exp_v2_improved,run_004,2026-08-29T09:50:00.000,3000,True,True,47.5,1412,34.5,56.9,False,False,3.64,15.3,idle,0,True,14.4,0,16.6,2467,0,False,,187
exp_v2_improved,run_004,2026-08-29T09:51:00.000,3060,True,True,34.7,1421,34.7,61.9,False,False,3.51,15.6,idle,0,True,6.2,0,12.7,2467,0,False,,188
exp_v2_improved,run_004,2026-08-29T09:52:00.000,3120,True,True,41.5,1407,34.3,59.5,False,False,3.26,15.7,listening,0,True,6.9,0,15.4,2468,0,False,,189
exp_v2_improved,run_004,2026-08-29T09:53:00.000,3180,True,True,37.7,1407,34.3,64.3,False,False,3.56,15.4,idle,0,True,6.5,0,16,2464,0,False,,190
exp_v2_improved,run_004,2026-08-29T09:54:00.000,3240,True,True,60.7,1401,34.2,61.4,False,False,3.6,16,idle,0,True,10.3,0,12.6,2463,0,False,,191
exp_v2_improved,run_004,2026-08-29T09:55:00.000,3300,True,True,44.3,1409,34.4,61.1,False,False,3.54,15.7,listening,0,True,39.7,0,11.2,2466,0,False,,192
exp_v2_improved,run_004,2026-08-29T09:56:00.000,3360,True,True,40.4,1403,34.2,57.8,False,False,3.49,15.4,idle,0,True,7.1,0,14.3,2468,0,False,,193
exp_v2_improved,run_004,2026-08-29T09:57:00.000,3420,True,True,31.5,1405,34.3,59,False,False,3.47,16,idle,0,True,9.5,0,14.7,2459,0,False,,194
exp_v2_improved,run_004,2026-08-29T09:58:00.000,3480,True,True,38.6,1404,34.3,60.3,False,False,3.52,15.8,idle,0,True,4.7,0,16.4,2467,0,False,,195
exp_v2_improved,run_004,2026-08-29T09:59:00.000,3540,True,True,46.7,1417,34.6,63.9,False,False,3.38,15.5,listening,0,True,9,0,14.5,2464,0,False,,196
exp_v2_improved,run_005,2026-08-30T10:30:00.000,0,True,True,32.8,1386,33.8,60,False,False,3.58,16,idle,0,True,11,0,16.9,2445,0,False,,197
exp_v2_improved,run_005,2026-08-30T10:31:00.000,60,True,True,48.7,1372,33.5,59.6,False,False,3.47,15.6,idle,1,True,7.4,0,15.8,2444,0,False,,198
exp_v2_improved,run_005,2026-08-30T10:32:00.000,120,True,True,44,1396,34.1,55.4,False,False,3.5,15.7,idle,0,True,3.6,0,19.8,2447,0,False,,199
exp_v2_improved,run_005,2026-08-30T10:33:00.000,180,True,True,53.6,1383,33.8,56.1,False,False,3.59,15.6,listening,0,True,9.4,0,16.6,2450,0,False,,200
exp_v2_improved,run_005,2026-08-30T10:34:00.000,240,True,True,35.9,1385,33.8,56.6,False,False,3.48,16,listening,0,True,7.3,0,20.9,2450,0,False,,201
exp_v2_improved,run_005,2026-08-30T10:35:00.000,300,True,True,65.9,1378,33.6,56.6,False,False,3.65,15.8,idle,0,True,4.8,0,14.5,2452,0,False,,202
exp_v2_improved,run_005,2026-08-30T10:36:00.000,360,True,True,62.3,1383,33.8,56.1,False,False,3.48,16,idle,0,True,11,0,15.9,2455,0,False,,203
exp_v2_improved,run_005,2026-08-30T10:37:00.000,420,True,True,60.6,1392,34,58.8,False,False,3.54,16,idle,0,True,8.2,0,47.3,2450,0,False,,204
exp_v2_improved,run_005,2026-08-30T10:38:00.000,480,True,True,50.2,1385,33.8,56.1,False,False,3.61,16,listening,0,True,4.5,0,13.6,2451,0,False,,205
exp_v2_improved,run_005,2026-08-30T10:39:00.000,540,True,True,45.8,1381,33.7,57.9,False,False,3.46,15.6,listening,0,True,12.2,0,18.4,2449,0,False,,206
exp_v2_improved,run_005,2026-08-30T10:40:00.000,600,True,True,64.6,1395,34,58.7,False,False,3.69,15.8,idle,0,True,6.2,0,12.4,2449,0,False,,207
exp_v2_improved,run_005,2026-08-30T10:41:00.000,660,True,True,65,1378,33.7,61.1,False,False,3.57,15.2,idle,1,True,5.7,0,34.8,2454,0,False,,208
exp_v2_improved,run_005,2026-08-30T10:42:00.000,720,True,True,45.2,1370,33.4,58.9,False,False,3.55,15.5,idle,0,True,6.3,0,16.8,2460,0,False,,209
exp_v2_improved,run_005,2026-08-30T10:43:00.000,780,True,True,37.4,1392,34,57.6,False,False,3.34,15.3,idle,0,True,9.6,0,18,2462,0,False,,210
exp_v2_improved,run_005,2026-08-30T10:44:00.000,840,True,True,60.7,1383,33.8,56.7,False,False,3.49,15.7,idle,0,True,5,0,24,2459,0,False,,211
exp_v2_improved,run_005,2026-08-30T10:45:00.000,900,True,True,58.5,1385,33.8,58.3,False,False,3.67,16,idle,1,True,7.1,0,16.7,2449,0,False,,212
exp_v2_improved,run_005,2026-08-30T10:46:00.000,960,True,True,67.5,1384,33.8,58,False,False,3.63,16,idle,0,True,6,0,41.9,2462,0,False,,213
exp_v2_improved,run_005,2026-08-30T10:47:00.000,1020,True,True,69.4,1393,34,57.2,False,False,3.57,15.6,listening,0,True,5.8,0,16,2457,0,False,,214
exp_v2_improved,run_005,2026-08-30T10:48:00.000,1080,True,True,67.6,1386,33.8,59.8,False,False,3.69,15.3,idle,0,True,6.5,0,14.2,2453,0,False,,215
exp_v2_improved,run_005,2026-08-30T10:49:00.000,1140,True,True,69.7,1391,34,59.1,False,False,3.53,15.6,idle,0,True,5.5,0,37.8,2451,0,False,,216
exp_v2_improved,run_005,2026-08-30T10:50:00.000,1200,True,True,42.8,1388,33.9,61.6,False,False,3.54,15.8,listening,0,True,9.1,0,12.6,2458,0,False,,217
exp_v2_improved,run_005,2026-08-30T10:51:00.000,1260,True,True,40,1396,34.1,61.7,False,False,3.51,16,idle,0,True,8.6,0,13.8,2455,0,False,,218
exp_v2_improved,run_005,2026-08-30T10:52:00.000,1320,True,True,46.4,1389,33.9,59.9,False,False,3.54,15.8,listening,0,True,2,0,22.9,2455,0,False,,219
exp_v2_improved,run_005,2026-08-30T10:53:00.000,1380,True,True,68.5,1380,33.7,59.3,False,False,3.67,15.6,listening,0,True,6.6,0,21.7,2453,0,False,,220
exp_v2_improved,run_005,2026-08-30T10:54:00.000,1440,True,True,44,1395,34.1,58.9,False,False,3.57,16,idle,0,True,8.7,0,14.7,2455,0,False,,221
exp_v2_improved,run_005,2026-08-30T10:55:00.000,1500,True,True,44.1,1400,34.2,57.3,False,False,3.64,15.8,idle,0,True,7.8,0,18.6,2462,0,False,,222
exp_v2_improved,run_005,2026-08-30T10:56:00.000,1560,True,True,46.5,1379,33.7,57.8,False,False,3.69,15.7,idle,0,True,9.8,0,16.6,2454,0,False,,223
exp_v2_improved,run_005,2026-08-30T10:57:00.000,1620,True,True,47.6,1399,34.2,58.4,False,False,3.72,15.7,idle,0,True,2.8,0,17.8,2454,0,False,,224
exp_v2_improved,run_005,2026-08-30T10:58:00.000,1680,True,True,42.4,1390,33.9,58.9,False,False,3.72,15.8,idle,0,True,9.4,0,14.5,2459,0,False,,225
exp_v2_improved,run_005,2026-08-30T10:59:00.000,1740,True,True,41.5,1396,34.1,64.1,False,False,3.44,15.8,idle,0,True,8.4,0,15.1,2450,0,False,,226
exp_v2_improved,run_005,2026-08-30T11:00:00.000,1800,True,True,50.2,1398,34.1,59.1,False,False,3.62,15.8,idle,0,True,4.1,0,23.3,2466,0,False,,227
exp_v2_improved,run_005,2026-08-30T11:01:00.000,1860,True,True,39.3,1392,34,57.2,False,False,3.44,15.2,listening,0,True,3.6,0,10.6,2464,0,False,,228
exp_v2_improved,run_005,2026-08-30T11:02:00.000,1920,True,True,37,1405,34.3,63,False,False,3.49,15.5,listening,0,True,6.8,0,14.1,2456,0,False,,229
exp_v2_improved,run_005,2026-08-30T11:03:00.000,1980,True,True,40.8,1400,34.2,56.9,False,False,3.52,15.7,idle,0,True,8.6,0,17.3,2462,0,False,,230
exp_v2_improved,run_005,2026-08-30T11:04:00.000,2040,True,True,47.3,1394,34,61.9,False,False,3.51,16,listening,0,True,2,0,16.7,2465,0,False,,231
exp_v2_improved,run_005,2026-08-30T11:05:00.000,2100,True,True,46.1,1404,34.3,57.9,False,False,3.45,16,listening,0,True,5.1,0,8.4,2460,0,False,,232
exp_v2_improved,run_005,2026-08-30T11:06:00.000,2160,True,True,38.2,1388,33.9,61.1,False,False,3.68,15.3,listening,0,True,6,0,24.2,2461,0,False,,233
exp_v2_improved,run_005,2026-08-30T11:07:00.000,2220,True,True,39.7,1393,34,61.4,False,False,3.39,15.3,idle,0,True,7.6,0,12.7,2459,0,False,,234
exp_v2_improved,run_005,2026-08-30T11:08:00.000,2280,True,True,41.8,1410,34.4,61.6,False,False,3.58,16,listening,0,True,7.2,0,17.7,2469,0,False,,235
exp_v2_improved,run_005,2026-08-30T11:09:00.000,2340,True,True,40,1402,34.2,58.4,False,False,3.46,15.1,idle,0,True,2,0,17.9,2467,0,False,,236
exp_v2_improved,run_005,2026-08-30T11:10:00.000,2400,True,True,27.1,1402,34.2,59.9,False,False,3.34,15.8,idle,0,True,8.5,0,17.4,2455,0,False,,237
exp_v2_improved,run_005,2026-08-30T11:11:00.000,2460,True,True,36.3,1395,34.1,57.7,False,False,3.57,15.4,listening,0,True,7.7,0,14.7,2453,0,False,,238
exp_v2_improved,run_005,2026-08-30T11:12:00.000,2520,True,True,36.1,1407,34.3,60.3,False,False,3.47,15.7,idle,0,True,7,0,16.9,2458,0,False,,239
exp_v2_improved,run_005,2026-08-30T11:13:00.000,2580,True,True,39.8,1394,34,58,False,False,3.61,15.7,idle,0,True,10,0,13.7,2455,0,False,,240
exp_v2_improved,run_005,2026-08-30T11:14:00.000,2640,True,True,34.3,1400,34.2,58.3,False,False,3.43,16,idle,1,True,6.2,0,12.1,2462,0,False,,241
exp_v2_improved,run_006,2026-09-01T14:00:00.000,0,True,True,40.7,1383,33.8,57.9,False,False,3.63,15.5,idle,0,True,8,0,12.9,2443,0,False,,242
exp_v2_improved,run_006,2026-09-01T14:01:00.000,60,True,True,45.7,1376,33.6,55.7,False,False,3.65,15.8,idle,0,True,4.1,0,15.2,2455,0,False,,243
exp_v2_improved,run_006,2026-09-01T14:02:00.000,120,True,True,42,1376,33.6,58.8,False,False,3.59,15.9,idle,0,True,11.5,0,16.1,2454,0,False,,244
exp_v2_improved,run_006,2026-09-01T14:03:00.000,180,True,True,43.2,1393,34,56.2,False,False,3.65,16,listening,0,True,6,0,13.9,2454,0,False,,245
exp_v2_improved,run_006,2026-09-01T14:04:00.000,240,True,True,50.3,1375,33.6,58,False,False,3.61,15.4,listening,0,True,10,0,19.2,2452,0,False,,246
exp_v2_improved,run_006,2026-09-01T14:05:00.000,300,True,True,47.5,1375,33.6,59.8,False,False,3.62,15.6,listening,0,True,4.4,0,15.8,2455,0,False,,247
exp_v2_improved,run_006,2026-09-01T14:06:00.000,360,True,True,46.4,1382,33.7,56.6,False,False,3.58,15.5,idle,0,True,8.9,0,14.8,2445,0,False,,248
exp_v2_improved,run_006,2026-09-01T14:07:00.000,420,True,True,32.7,1380,33.7,59.2,False,False,3.31,15.6,idle,0,True,7.8,0,13.3,2453,0,False,,249
exp_v2_improved,run_006,2026-09-01T14:08:00.000,480,True,True,59.2,1383,33.8,59,False,False,3.66,16,listening,0,True,9.8,0,14,2456,0,False,,250
exp_v2_improved,run_006,2026-09-01T14:09:00.000,540,True,True,65.3,1392,34,56.1,False,False,3.56,15.7,idle,0,True,9.6,0,13,2450,0,False,,251
exp_v2_improved,run_006,2026-09-01T14:10:00.000,600,True,True,65.7,1382,33.7,60.1,False,False,3.58,15.8,listening,0,True,6.3,0,46,2451,0,False,,252
exp_v2_improved,run_006,2026-09-01T14:11:00.000,660,True,True,44.3,1372,33.5,56.5,False,False,3.51,15.8,listening,0,True,8.6,0,14.7,2455,0,False,,253
exp_v2_improved,run_006,2026-09-01T14:12:00.000,720,True,True,47.2,1384,33.8,58.8,False,False,3.42,15.6,idle,0,True,6.1,0,14.3,2455,0,False,,254
exp_v2_improved,run_006,2026-09-01T14:13:00.000,780,True,True,58.4,1386,33.8,56,False,False,3.77,16,idle,0,True,2,0,12.7,2452,0,False,,255
exp_v2_improved,run_006,2026-09-01T14:14:00.000,840,True,True,63.2,1375,33.6,57.1,False,False,3.52,15.7,listening,0,True,8.3,0,32.5,2454,0,False,,256
exp_v2_improved,run_006,2026-09-01T14:15:00.000,900,True,True,40.6,1395,34.1,55.6,False,False,3.51,15.8,idle,0,True,3.1,0,13.6,2456,0,False,,257
exp_v2_improved,run_006,2026-09-01T14:16:00.000,960,True,True,40.4,1380,33.7,58.8,False,False,3.54,15.8,idle,0,True,3.1,0,15.7,2458,0,False,,258
exp_v2_improved,run_006,2026-09-01T14:17:00.000,1020,True,True,44.5,1390,33.9,56.8,False,False,3.55,15.6,idle,1,True,8.6,0,18.7,2458,0,False,,259
exp_v2_improved,run_006,2026-09-01T14:18:00.000,1080,True,True,60.6,1390,33.9,55.9,False,False,3.69,15.7,listening,0,True,6.3,0,12.6,2459,0,False,,260
exp_v2_improved,run_006,2026-09-01T14:19:00.000,1140,True,True,61,1402,34.2,58.5,False,False,3.62,15.2,listening,0,True,12.4,0,20.3,2459,0,False,,261
exp_v2_improved,run_006,2026-09-01T14:20:00.000,1200,True,True,69.5,1396,34.1,59.8,False,False,3.62,15.6,idle,0,True,6.5,0,11.3,2447,0,False,,262
exp_v2_improved,run_006,2026-09-01T14:21:00.000,1260,True,True,58.2,1397,34.1,59.5,False,False,3.46,16,idle,0,True,6.2,0,42.3,2461,0,False,,263
exp_v2_improved,run_006,2026-09-01T14:22:00.000,1320,True,True,35,1405,34.3,60.4,False,False,3.51,15.9,listening,0,True,9.2,0,20.4,2453,0,False,,264
exp_v2_improved,run_006,2026-09-01T14:23:00.000,1380,True,True,46.8,1393,34,58.9,False,False,3.56,15.4,idle,0,True,6.1,0,19.2,2453,0,False,,265
exp_v2_improved,run_006,2026-09-01T14:24:00.000,1440,True,True,43.9,1390,33.9,55.8,False,False,3.58,15.7,idle,0,True,3.5,0,13.8,2455,0,False,,266
exp_v2_improved,run_006,2026-09-01T14:25:00.000,1500,True,True,54,1399,34.2,60,False,False,3.71,15.6,listening,0,True,10,0,18,2457,0,False,,267
exp_v2_improved,run_006,2026-09-01T14:26:00.000,1560,True,True,44.3,1394,34,61.6,False,False,3.55,15.5,listening,0,True,4.2,0,20.5,2455,0,False,,268
exp_v2_improved,run_006,2026-09-01T14:27:00.000,1620,True,True,50.5,1389,33.9,58,False,False,3.48,15.9,listening,0,True,2.2,0,16.7,2457,0,False,,269
exp_v2_improved,run_006,2026-09-01T14:28:00.000,1680,True,True,43.3,1402,34.2,59.3,False,False,3.61,15.2,idle,0,True,3.9,0,11.4,2456,0,False,,270
exp_v2_improved,run_006,2026-09-01T14:29:00.000,1740,True,True,40.4,1389,33.9,59.8,False,False,3.38,15.4,idle,0,True,6.1,0,18,2456,0,False,,271
exp_v2_improved,run_007,2026-09-04T15:30:00.000,0,True,True,35.7,1372,33.5,58.1,False,False,3.6,15.7,idle,0,True,26.2,0,17.9,2451,0,False,,272
exp_v2_improved,run_007,2026-09-04T15:31:00.000,60,True,True,69.8,1381,33.7,58.4,False,False,3.73,15.9,idle,0,True,2,0,14,2451,0,False,,273
exp_v2_improved,run_007,2026-09-04T15:32:00.000,120,True,True,61,1394,34,58,False,False,3.69,15.7,listening,0,True,8.2,0,14.1,2444,0,False,,274
exp_v2_improved,run_007,2026-09-04T15:33:00.000,180,True,True,58.4,1387,33.9,58.8,False,False,3.5,15.4,idle,0,True,12.3,0,46.7,2443,0,False,,275
exp_v2_improved,run_007,2026-09-04T15:34:00.000,240,True,False,58.6,1376,33.6,56.6,False,False,3.58,15.7,idle,0,False,,100,0,0,0,False,,276
exp_v2_improved,run_007,2026-09-04T15:35:00.000,300,True,False,35.5,1373,33.5,59.5,False,False,3.31,15.8,idle,1,False,,100,0,0,0,False,,277
exp_v2_improved,run_007,2026-09-04T15:36:00.000,360,True,False,39.3,1374,33.5,58.8,False,False,3.59,16,listening,1,False,,100,0,0,0,False,,278
exp_v2_improved,run_007,2026-09-04T15:37:00.000,420,True,False,45.2,1389,33.9,59.5,False,False,3.44,16,idle,2,False,,100,0,0,0,False,,279
exp_v2_improved,run_007,2026-09-04T15:38:00.000,480,True,False,44.3,1377,33.6,59.5,False,False,3.49,15.7,idle,2,False,,100,0,0,0,False,,280
exp_v2_improved,run_007,2026-09-04T15:39:00.000,540,True,False,40.1,1384,33.8,60,False,False,3.41,15.7,idle,2,False,,100,0,0,0,False,,281
exp_v2_improved,run_007,2026-09-04T15:40:00.000,600,True,False,35.3,1383,33.8,57.5,False,False,3.34,15.5,listening,3,False,,100,0,0,0,False,,282
exp_v2_improved,run_007,2026-09-04T15:41:00.000,660,True,False,38.2,1388,33.9,58.2,False,False,3.57,15.6,listening,3,False,,100,0,0,0,False,,283
exp_v2_improved,run_007,2026-09-04T15:42:00.000,720,True,False,47.9,1386,33.8,60.2,False,False,3.47,15.9,idle,2,False,,100,0,0,0,False,,284
exp_v2_improved,run_007,2026-09-04T15:43:00.000,780,True,False,44.8,1377,33.6,58.7,False,False,3.47,15.9,idle,2,False,,100,0,0,0,False,,285
exp_v2_improved,run_007,2026-09-04T15:44:00.000,840,True,True,41.8,1393,34,62.9,False,False,3.49,15.6,listening,0,True,9.5,0,19.7,2450,0,False,,286
exp_v2_improved,run_007,2026-09-04T15:45:00.000,900,True,True,36.3,1392,34,57.7,False,False,3.61,15.5,idle,0,True,3.8,0,22.2,2450,0,False,,287
exp_v2_improved,run_007,2026-09-04T15:46:00.000,960,False,True,0,1394,34,52.3,False,False,1.2,0,idle,0,True,6,0,19,2456,1,False,Pi service restarted; queue recovered from WAL.,288
exp_v2_improved,run_007,2026-09-04T15:47:00.000,1020,True,True,61.6,1386,33.8,58.6,False,False,3.42,15.8,listening,1,True,8.6,0,12.2,2452,1,False,,289
exp_v2_improved,run_007,2026-09-04T15:48:00.000,1080,True,True,58.3,1387,33.9,61.5,False,False,3.67,15.3,listening,0,True,7.8,0,47.4,2460,1,False,,290
exp_v2_improved,run_007,2026-09-04T15:49:00.000,1140,True,True,52.9,1383,33.8,58.2,False,False,3.51,16,idle,0,True,6.1,0,10.6,2459,1,False,,291
exp_v2_improved,run_007,2026-09-04T15:50:00.000,1200,True,True,34.7,1383,33.8,55.4,False,False,3.62,15.5,listening,0,True,3.4,0,17.9,2454,1,False,,292
exp_v2_improved,run_007,2026-09-04T15:51:00.000,1260,True,True,28,1387,33.9,56.5,False,False,3.55,15.2,idle,0,True,9.3,0,20.7,2454,1,False,,293
exp_v2_improved,run_007,2026-09-04T15:52:00.000,1320,True,True,46.6,1388,33.9,60.7,False,False,3.6,15.9,idle,0,True,40.9,0,21.7,2452,1,False,,294
exp_v2_improved,run_007,2026-09-04T15:53:00.000,1380,True,True,45.7,1395,34.1,58.7,False,False,3.47,15.6,listening,0,True,2.9,0,14.4,2456,1,False,,295
exp_v2_improved,run_007,2026-09-04T15:54:00.000,1440,True,True,40.6,1392,34,57.1,False,False,3.68,16,listening,0,True,11.1,0,15.5,2460,1,False,,296
exp_v2_improved,run_007,2026-09-04T15:55:00.000,1500,True,True,67.2,1384,33.8,61.1,False,False,3.64,15.5,listening,0,True,4.8,0,15.7,2458,1,False,,297
exp_v2_improved,run_007,2026-09-04T15:56:00.000,1560,True,True,45,1390,33.9,59.6,False,False,3.46,15.6,listening,0,True,8.4,0,17.4,2459,1,False,,298
exp_v2_improved,run_007,2026-09-04T15:57:00.000,1620,True,True,45,1394,34,57.6,False,False,3.39,16,idle,1,True,6,0,21.2,2454,1,False,,299
exp_v2_improved,run_007,2026-09-04T15:58:00.000,1680,True,True,42.5,1383,33.8,58.2,False,False,3.52,15.6,listening,0,True,8.1,0,14.5,2458,1,False,,300
exp_v2_improved,run_007,2026-09-04T15:59:00.000,1740,True,True,40.9,1387,33.9,58.7,False,False,3.4,15.4,idle,0,True,5.1,0,9.6,2459,1,False,,301
exp_v2_improved,run_008,2026-09-05T08:00:00.000,0,True,True,44.7,1378,33.6,58.9,False,False,3.57,15.7,idle,0,True,5,0,17.2,2456,0,False,,302
exp_v2_improved,run_008,2026-09-05T08:01:00.000,60,True,True,40.6,1377,33.6,58,False,False,3.62,15.6,idle,0,True,9.6,0,19.5,2448,0,False,,303
exp_v2_improved,run_008,2026-09-05T08:02:00.000,120,True,True,40.7,1382,33.7,59.8,False,False,3.6,15.3,idle,0,True,8.3,0,15.4,2451,0,False,,304
exp_v2_improved,run_008,2026-09-05T08:03:00.000,180,True,True,38,1379,33.7,58.9,False,False,3.45,15.6,idle,0,True,9.5,0,16.6,2448,0,False,,305
exp_v2_improved,run_008,2026-09-05T08:04:00.000,240,True,True,46.9,1375,33.6,62,False,False,3.64,15.6,listening,0,True,10.5,0,9.7,2451,0,False,,306
exp_v2_improved,run_008,2026-09-05T08:05:00.000,300,True,True,44.4,1381,33.7,55.2,False,False,3.54,15.7,idle,0,True,5.6,0,10.7,2457,0,False,,307
exp_v2_improved,run_008,2026-09-05T08:06:00.000,360,True,True,45.2,1387,33.9,61,False,False,3.36,16,idle,1,True,10.1,0,16.9,2455,0,False,,308
exp_v2_improved,run_008,2026-09-05T08:07:00.000,420,True,True,33.6,1382,33.7,58.8,False,False,3.53,15.6,idle,0,True,6.5,0,14.1,2451,0,False,,309
exp_v2_improved,run_008,2026-09-05T08:08:00.000,480,True,True,38,1396,34.1,59.4,False,False,3.5,15.6,idle,0,True,7.9,0,12.9,2454,0,False,,310
exp_v2_improved,run_008,2026-09-05T08:09:00.000,540,True,True,40.4,1388,33.9,59.3,False,False,3.46,15.6,idle,0,True,6.5,0,16.4,2449,0,False,,311
exp_v2_improved,run_008,2026-09-05T08:10:00.000,600,True,True,44.6,1384,33.8,59,False,False,3.62,15.5,listening,0,True,12.2,0,17.6,2451,0,False,,312
exp_v2_improved,run_008,2026-09-05T08:11:00.000,660,True,True,38.2,1392,34,56.8,False,False,3.58,15.9,idle,0,True,8.1,0,14.7,2454,0,False,,313
exp_v2_improved,run_008,2026-09-05T08:12:00.000,720,True,True,44,1395,34.1,61.5,False,False,3.5,15.9,idle,0,True,11,0,15.3,2456,0,False,,314
exp_v2_improved,run_008,2026-09-05T08:13:00.000,780,True,True,38,1389,33.9,57,False,False,3.4,15.5,listening,0,True,10.8,0,18.2,2448,0,False,,315
exp_v2_improved,run_008,2026-09-05T08:14:00.000,840,True,True,39.1,1382,33.7,57.8,False,False,3.42,15.6,idle,0,True,12.1,0,20.6,2454,0,False,,316
exp_v2_improved,run_008,2026-09-05T08:15:00.000,900,True,True,37.4,1383,33.8,59.7,False,False,3.46,16,idle,0,True,114.8,0,12.1,2450,0,False,,317
exp_v2_improved,run_008,2026-09-05T08:16:00.000,960,True,True,37.6,1392,34,59.8,False,False,3.54,15.5,listening,0,True,147.3,0,19.8,2451,0,False,,318
exp_v2_improved,run_008,2026-09-05T08:17:00.000,1020,True,True,44.7,1388,33.9,60.6,False,False,3.34,16,idle,0,True,5.2,0,15.6,2456,0,False,,319
exp_v2_improved,run_008,2026-09-05T08:18:00.000,1080,True,True,33.9,1390,33.9,58.9,False,False,3.7,16,idle,0,True,7.8,0,9.2,2454,0,False,,320
exp_v2_improved,run_008,2026-09-05T08:19:00.000,1140,True,True,42,1385,33.8,57,False,False,3.49,15.5,idle,0,True,3.2,0,15.5,2456,0,False,,321
exp_v2_improved,run_008,2026-09-05T08:20:00.000,1200,True,True,31.6,1394,34,58.7,False,False,3.54,15.9,idle,0,True,11,0,12,2454,0,False,,322
exp_v2_improved,run_008,2026-09-05T08:21:00.000,1260,True,True,39.7,1387,33.9,61.6,False,False,3.52,15.7,idle,0,True,4.8,0,20.8,2453,0,False,,323
exp_v2_improved,run_008,2026-09-05T08:22:00.000,1320,True,True,39.4,1387,33.9,59.9,False,False,3.43,16,idle,0,True,8.8,0,13.1,2459,0,False,,324
exp_v2_improved,run_008,2026-09-05T08:23:00.000,1380,True,True,37.7,1384,33.8,56.6,False,False,3.4,15.7,idle,0,True,6.1,0,16.5,2463,0,False,,325
exp_v2_improved,run_008,2026-09-05T08:24:00.000,1440,True,True,39,1395,34.1,58.3,False,False,3.53,15.6,idle,0,True,10.4,0,12.1,2454,0,False,,326
exp_v2_improved,run_008,2026-09-05T08:25:00.000,1500,True,True,41.4,1398,34.1,59.7,False,False,3.64,15.7,idle,0,True,11.5,0,16.5,2458,0,False,,327
exp_v2_improved,run_008,2026-09-05T08:26:00.000,1560,True,True,46.7,1396,34.1,59.1,False,False,3.45,16,listening,0,True,7.9,0,22.4,2465,0,False,,328
exp_v2_improved,run_008,2026-09-05T08:27:00.000,1620,True,True,47.8,1398,34.1,60.1,False,False,3.4,15.8,listening,0,True,8.2,0,16.7,2452,0,False,,329
exp_v2_improved,run_008,2026-09-05T08:28:00.000,1680,True,True,37.8,1386,33.8,60.2,False,False,3.41,15.9,idle,0,True,6.9,0,12.1,2462,0,False,,330
exp_v2_improved,run_008,2026-09-05T08:29:00.000,1740,True,True,46.8,1400,34.2,59.3,False,False,3.5,15.8,idle,0,True,42.4,0.15,14.4,2460,0,False,,331
exp_v2_improved,run_008,2026-09-05T08:30:00.000,1800,True,True,66.5,1401,34.2,60.3,False,False,3.52,15.7,listening,0,True,5.9,0,5.4,2457,0,False,,332
exp_v2_improved,run_008,2026-09-05T08:31:00.000,1860,True,True,39.9,1400,34.2,62.6,False,False,3.5,15.4,idle,0,True,11.9,0,14.4,2457,0,False,,333
exp_v2_improved,run_008,2026-09-05T08:32:00.000,1920,True,True,40.2,1398,34.1,56.3,False,False,3.52,15.8,idle,0,True,7.2,0,6.9,2460,0,False,,334
exp_v2_improved,run_008,2026-09-05T08:33:00.000,1980,True,True,62.1,1383,33.8,58.6,False,False,3.75,15.5,idle,0,True,4,0,21.1,2463,0,False,,335
exp_v2_improved,run_008,2026-09-05T08:34:00.000,2040,True,True,41,1398,34.1,59.2,False,False,3.45,15.3,idle,0,True,2.2,0,16.7,2459,0,False,,336
exp_v2_improved,run_008,2026-09-05T08:35:00.000,2100,True,True,36.3,1393,34,60.7,False,False,3.57,15.6,idle,0,True,7.9,0,18.1,2461,0,False,,337
exp_v2_improved,run_008,2026-09-05T08:36:00.000,2160,True,True,45.7,1400,34.2,61.1,False,False,3.61,15.6,idle,0,True,6.2,0,16.4,2461,0,False,,338
exp_v2_improved,run_008,2026-09-05T08:37:00.000,2220,True,True,49,1395,34.1,59.7,False,False,3.7,15.8,listening,0,True,8.2,0,11.4,2458,0,False,,339
exp_v2_improved,run_008,2026-09-05T08:38:00.000,2280,True,True,40.4,1398,34.1,59.8,False,False,3.6,16,idle,0,True,6.3,0,14.3,2460,0,False,,340
exp_v2_improved,run_008,2026-09-05T08:39:00.000,2340,True,True,44.3,1401,34.2,62.6,False,False,3.34,15.8,idle,0,True,6.5,0,14.4,2463,0,False,,341
exp_v2_improved,run_008,2026-09-05T08:40:00.000,2400,True,True,47.9,1403,34.3,62.6,False,False,3.56,15.4,idle,0,True,8.3,0,16.4,2465,0,False,,342
exp_v2_improved,run_008,2026-09-05T08:41:00.000,2460,True,True,39.2,1403,34.3,62.6,False,False,3.55,15.8,listening,0,True,11,0,15.6,2466,0,False,,343
exp_v2_improved,run_008,2026-09-05T08:42:00.000,2520,True,True,48.4,1403,34.3,62.1,False,False,3.61,15.7,listening,0,True,9.5,0,13.6,2462,0,False,,344
exp_v2_improved,run_008,2026-09-05T08:43:00.000,2580,True,True,36.8,1406,34.3,61,False,False,3.59,15.2,listening,0,True,9.7,0,22.4,2459,0,False,,345
exp_v2_improved,run_008,2026-09-05T08:44:00.000,2640,True,True,40.7,1403,34.3,60.4,False,False,3.39,15.8,listening,0,True,2.7,0,14,2465,0,False,,346
exp_v2_improved,run_008,2026-09-05T08:45:00.000,2700,True,True,39.7,1406,34.3,63.3,False,False,3.51,15.4,idle,0,True,5.3,0,19.4,2460,0,False,,347
exp_v2_improved,run_008,2026-09-05T08:46:00.000,2760,True,True,41.9,1403,34.3,58.6,False,False,3.61,15.7,idle,0,True,2.4,0,11.8,2472,0,False,,348
exp_v2_improved,run_008,2026-09-05T08:47:00.000,2820,True,True,31.1,1403,34.2,62.4,False,False,3.49,15.5,idle,0,True,10.2,0,11.1,2463,0,False,,349
exp_v2_improved,run_008,2026-09-05T08:48:00.000,2880,True,True,41.3,1395,34,59.9,False,False,3.35,15.9,idle,0,True,4.9,0,17.9,2461,0,False,,350
exp_v2_improved,run_008,2026-09-05T08:49:00.000,2940,True,True,32.8,1403,34.2,59.2,False,False,3.49,16,listening,0,True,6.1,0,17.4,2465,0,False,,351
exp_v2_improved,run_008,2026-09-05T08:50:00.000,3000,True,True,43.2,1408,34.4,61.6,False,False,3.57,15.4,idle,0,True,9.3,0,16.3,2466,0,False,,352
exp_v2_improved,run_008,2026-09-05T08:51:00.000,3060,True,True,45,1395,34.1,59.7,False,False,3.64,15.3,idle,0,True,7.4,0,13.9,2472,0,False,,353
exp_v2_improved,run_008,2026-09-05T08:52:00.000,3120,True,True,42.7,1412,34.5,61.6,False,False,3.47,15.6,idle,0,True,5.8,0,16.6,2464,0,False,,354
exp_v2_improved,run_008,2026-09-05T08:53:00.000,3180,True,True,53.8,1420,34.7,59.4,False,False,3.6,15.4,listening,0,True,2,0,24,2468,0,False,,355
exp_v2_improved,run_008,2026-09-05T08:54:00.000,3240,True,True,43.4,1393,34,63.7,False,False,3.74,15.6,idle,0,True,5,0,17.7,2460,0,False,,356
exp_v2_improved,run_008,2026-09-05T08:55:00.000,3300,True,True,46,1405,34.3,60.6,False,False,3.53,16,listening,0,True,7.6,0,10,2466,0,False,,357
exp_v2_improved,run_008,2026-09-05T08:56:00.000,3360,True,True,42.4,1405,34.3,62.7,False,False,3.39,15.5,idle,0,True,9.1,0,15.2,2463,0,False,,358
exp_v2_improved,run_008,2026-09-05T08:57:00.000,3420,True,True,41.4,1410,34.4,60.5,False,False,3.61,16,idle,0,True,3.8,0,15.5,2463,0,False,,359
exp_v2_improved,run_008,2026-09-05T08:58:00.000,3480,True,True,45.5,1403,34.2,59.5,False,False,3.81,16,idle,1,True,5.4,0,11.6,2469,0,False,,360
exp_v2_improved,run_008,2026-09-05T08:59:00.000,3540,True,True,44.9,1408,34.4,60.8,False,False,3.64,15.4,idle,0,True,5.2,0,12.8,2464,0,False,,361
exp_v2_improved,run_008,2026-09-05T09:00:00.000,3600,True,True,47.3,1417,34.6,63,False,False,3.73,15.7,idle,0,True,3.5,0,15.7,2474,0,False,,362
exp_v2_improved,run_008,2026-09-05T09:01:00.000,3660,True,True,51.1,1409,34.4,61.3,False,False,3.54,15.9,idle,0,True,9.7,0,17.1,2468,0,False,,363
exp_v2_improved,run_008,2026-09-05T09:02:00.000,3720,True,True,40.2,1420,34.7,62.3,False,False,3.63,15.8,listening,0,True,9.3,0,13.2,2473,0,False,,364
exp_v2_improved,run_008,2026-09-05T09:03:00.000,3780,True,True,40.3,1415,34.5,60.9,False,False,3.67,15.8,idle,0,True,8.8,0,22.5,2467,0,False,,365
exp_v2_improved,run_008,2026-09-05T09:04:00.000,3840,True,True,40.2,1403,34.3,58,False,False,3.61,15.9,idle,0,True,7.3,0,18.1,2469,0,False,,366
exp_v2_improved,run_008,2026-09-05T09:05:00.000,3900,True,True,39.2,1422,34.7,63.5,False,False,3.61,15.9,idle,0,True,122.6,0,16.3,2471,0,False,,367
exp_v2_improved,run_008,2026-09-05T09:06:00.000,3960,True,True,38.4,1407,34.3,62.1,False,False,3.48,15.8,idle,0,True,7.9,0,19.5,2475,0,False,,368
exp_v2_improved,run_008,2026-09-05T09:07:00.000,4020,True,True,40.9,1422,34.7,63.6,False,False,3.37,16,idle,0,True,9.3,0,16,2470,0,False,,369
exp_v2_improved,run_008,2026-09-05T09:08:00.000,4080,True,True,40.2,1401,34.2,62.9,False,False,3.41,15.6,idle,0,True,5.7,0,16.2,2467,0,False,,370
exp_v2_improved,run_008,2026-09-05T09:09:00.000,4140,True,True,36.1,1417,34.6,60.8,False,False,3.54,15.5,idle,0,True,7.1,0,7.5,2477,0,False,,371
exp_v2_improved,run_008,2026-09-05T09:10:00.000,4200,True,True,33.1,1421,34.7,63.2,False,False,3.24,15.5,idle,0,True,3,0,12.7,2461,0,False,,372
exp_v2_improved,run_008,2026-09-05T09:11:00.000,4260,True,True,41.4,1403,34.3,61,False,False,3.56,15.5,idle,0,True,8.2,0,16.2,2464,0,False,,373
exp_v2_improved,run_008,2026-09-05T09:12:00.000,4320,True,True,46.4,1415,34.5,67,False,False,3.44,15.6,idle,0,True,160.7,0,15.2,2472,0,False,,374
exp_v2_improved,run_008,2026-09-05T09:13:00.000,4380,True,True,44.9,1424,34.8,61.1,False,False,3.66,15.4,idle,0,True,6.6,0,17.6,2468,0,False,,375
exp_v2_improved,run_008,2026-09-05T09:14:00.000,4440,True,True,50.4,1419,34.6,62.6,False,False,3.52,15.6,listening,0,True,7.3,0,13.3,2474,0,False,,376
exp_v2_improved,run_008,2026-09-05T09:15:00.000,4500,True,True,35.5,1425,34.8,59.7,False,False,3.48,15.6,listening,0,True,6.3,0,16.3,2470,0,False,,377
exp_v2_improved,run_008,2026-09-05T09:16:00.000,4560,True,True,48.2,1422,34.7,59.9,False,False,3.68,15.5,idle,0,True,4.9,0,16.3,2477,0,False,,378
exp_v2_improved,run_008,2026-09-05T09:17:00.000,4620,True,True,48.6,1424,34.8,62.9,False,False,3.58,15.6,idle,0,True,97.5,0,15.3,2475,0,False,,379
exp_v2_improved,run_008,2026-09-05T09:18:00.000,4680,True,True,34.4,1420,34.7,58.9,False,False,3.48,15.5,listening,0,True,14.5,0,16.6,2477,0,False,,380
exp_v2_improved,run_008,2026-09-05T09:19:00.000,4740,True,True,40.1,1427,34.9,59,False,False,3.32,15.5,idle,0,True,5.7,0,17.9,2470,0,False,,381
exp_v2_improved,run_008,2026-09-05T09:20:00.000,4800,True,True,39.7,1429,34.9,61.1,False,False,3.54,15.2,idle,0,True,5.2,0,19.7,2466,0,False,,382
exp_v2_improved,run_008,2026-09-05T09:21:00.000,4860,True,True,41.2,1429,34.9,64.6,False,False,3.33,15.9,idle,0,True,7.7,0,10.1,2479,0,False,,383
exp_v2_improved,run_008,2026-09-05T09:22:00.000,4920,True,True,48,1417,34.6,62.2,False,False,3.62,15.7,listening,1,True,9.2,0,19.7,2475,0,False,,384
exp_v2_improved,run_008,2026-09-05T09:23:00.000,4980,True,True,44.8,1420,34.7,65.5,False,False,3.56,15.7,idle,0,True,6.3,0,15.6,2477,0,False,,385
exp_v2_improved,run_008,2026-09-05T09:24:00.000,5040,True,True,52.2,1419,34.6,63.8,False,False,3.5,15.7,idle,0,True,10.9,0,12,2475,0,False,,386
exp_v2_improved,run_008,2026-09-05T09:25:00.000,5100,True,True,47.7,1427,34.8,61.1,False,False,3.71,15.7,listening,0,True,2,0,16.8,2475,0,False,,387
exp_v2_improved,run_008,2026-09-05T09:26:00.000,5160,True,True,34.4,1422,34.7,60.6,False,False,3.44,15.7,idle,0,True,5.4,0,21.6,2478,0,False,,388
exp_v2_improved,run_008,2026-09-05T09:27:00.000,5220,True,True,42.5,1422,34.7,61.9,False,False,3.45,15.5,idle,0,True,2,1.45,23,2472,0,False,,389
exp_v2_improved,run_008,2026-09-05T09:28:00.000,5280,True,True,38.3,1438,35.1,61.6,False,False,3.68,15.5,idle,0,True,12,0,10.3,2477,0,False,,390
exp_v2_improved,run_008,2026-09-05T09:29:00.000,5340,True,True,46,1423,34.7,63.4,False,False,3.51,15.9,idle,0,True,8.3,0,14.6,2475,0,False,,391
exp_v2_improved,run_008,2026-09-05T09:30:00.000,5400,True,True,60.4,1428,34.9,61.9,False,False,3.73,15.6,idle,0,True,2,0,9.2,2480,0,False,,392
exp_v2_improved,run_008,2026-09-05T09:31:00.000,5460,True,True,44.1,1429,34.9,62.1,False,False,3.59,15.5,idle,0,True,25.8,0,16.2,2479,0,False,,393
exp_v2_improved,run_008,2026-09-05T09:32:00.000,5520,True,True,38.2,1428,34.9,65.2,False,False,3.53,15.8,idle,1,True,6.5,0,17.9,2474,0,False,,394
exp_v2_improved,run_008,2026-09-05T09:33:00.000,5580,True,True,42.5,1431,34.9,63.4,False,False,3.44,15.5,listening,0,True,7.9,0,16.2,2477,0,False,,395
exp_v2_improved,run_008,2026-09-05T09:34:00.000,5640,True,True,45.6,1427,34.8,62.9,False,False,3.66,15.2,idle,0,True,8.2,0,14.9,2478,0,False,,396
exp_v2_improved,run_008,2026-09-05T09:35:00.000,5700,True,True,40.5,1427,34.8,61.3,False,False,3.52,15.8,idle,1,True,2.5,0,15.1,2477,0,False,,397
exp_v2_improved,run_008,2026-09-05T09:36:00.000,5760,True,True,43.1,1427,34.8,64,False,False,3.62,16,idle,0,True,9.5,0,18.8,2479,0,False,,398
exp_v2_improved,run_008,2026-09-05T09:37:00.000,5820,True,True,38.6,1434,35,62.7,False,False,3.68,15.6,idle,0,True,7.7,0,13.5,2476,0,False,,399
exp_v2_improved,run_008,2026-09-05T09:38:00.000,5880,True,True,42.6,1431,34.9,62,False,False,3.52,15.9,idle,0,True,4.9,0,15.6,2477,0,False,,400
exp_v2_improved,run_008,2026-09-05T09:39:00.000,5940,True,True,40,1433,35,64.6,False,False,3.36,15.6,idle,1,True,5.2,0,16.1,2485,0,False,,401
exp_v2_improved,run_008,2026-09-05T09:40:00.000,6000,True,True,45.7,1433,35,64.1,False,False,3.52,15.9,listening,0,True,8.6,0,15.4,2486,0,False,,402
exp_v2_improved,run_008,2026-09-05T09:41:00.000,6060,True,True,41.3,1433,35,59,False,False,3.58,15.7,idle,0,True,5.5,0,11.5,2479,0,False,,403
exp_v2_improved,run_008,2026-09-05T09:42:00.000,6120,True,True,45.2,1434,35,63.5,False,False,3.43,15.5,idle,0,True,9,0,15.3,2472,0,False,,404
exp_v2_improved,run_008,2026-09-05T09:43:00.000,6180,True,True,47.6,1427,34.8,64.7,False,False,3.59,15.5,idle,0,True,8.5,0,14.9,2480,0,False,,405
exp_v2_improved,run_008,2026-09-05T09:44:00.000,6240,True,True,28.6,1431,34.9,61.6,False,False,3.32,15.6,idle,0,True,6,0,14.8,2478,0,False,,406
exp_v2_improved,run_008,2026-09-05T09:45:00.000,6300,True,True,42,1439,35.1,59.6,False,False,3.44,15.5,idle,0,True,8.7,0,21.7,2482,0,False,,407
exp_v2_improved,run_008,2026-09-05T09:46:00.000,6360,True,True,33.5,1436,35.1,65.2,False,False,3.5,15.6,idle,0,True,2,0,16.3,2484,0,False,,408
exp_v2_improved,run_008,2026-09-05T09:47:00.000,6420,True,True,45.8,1433,35,63.1,False,False,3.54,15.5,idle,0,True,4.2,0,17.9,2477,0,False,,409
exp_v2_improved,run_008,2026-09-05T09:48:00.000,6480,True,True,37.3,1420,34.7,63.8,False,False,3.45,15.9,listening,1,True,2.8,0,19.8,2476,0,False,,410
exp_v2_improved,run_008,2026-09-05T09:49:00.000,6540,True,True,39.9,1434,35,64.7,False,False,3.58,15.7,idle,1,True,3.8,0,17.7,2479,0,False,,411
exp_v2_improved,run_008,2026-09-05T09:50:00.000,6600,True,True,40.8,1438,35.1,61.9,False,False,3.55,15.6,listening,0,True,2,0,21.8,2479,0,False,,412
exp_v2_improved,run_008,2026-09-05T09:51:00.000,6660,True,True,64.9,1438,35.1,62.3,False,False,3.6,16,idle,0,True,9.8,0,12.3,2484,0,False,,413
exp_v2_improved,run_008,2026-09-05T09:52:00.000,6720,True,True,35.4,1436,35.1,66.8,False,False,3.38,16,idle,0,True,3.8,0,6.8,2486,0,False,,414
exp_v2_improved,run_008,2026-09-05T09:53:00.000,6780,True,True,43.8,1440,35.2,65.5,False,False,3.58,15.3,idle,0,True,7.3,0,14.3,2487,0,False,,415
exp_v2_improved,run_008,2026-09-05T09:54:00.000,6840,True,True,40.6,1434,35,60.5,False,False,3.5,15.7,idle,0,True,10.8,0,9,2482,0,False,,416
exp_v2_improved,run_008,2026-09-05T09:55:00.000,6900,True,True,48.2,1428,34.9,64.3,False,False,3.56,16,idle,0,True,5.8,0,12.2,2483,0,False,,417
exp_v2_improved,run_008,2026-09-05T09:56:00.000,6960,True,True,43.2,1441,35.2,62,False,False,3.64,15.2,listening,0,True,7.1,0,21.9,2484,0,False,,418
exp_v2_improved,run_008,2026-09-05T09:57:00.000,7020,True,True,51.5,1439,35.1,63.7,False,False,3.62,15.4,listening,0,True,9.2,0,8.9,2489,0,False,,419
exp_v2_improved,run_008,2026-09-05T09:58:00.000,7080,True,True,51.9,1431,34.9,62.2,False,False,3.34,15.6,listening,0,True,3.5,0,15.2,2486,0,False,,420
exp_v2_improved,run_008,2026-09-05T09:59:00.000,7140,True,True,44.5,1438,35.1,69,False,False,3.48,16,idle,0,True,6.5,0,12.3,2492,0,False,,421
exp_v2_improved,run_008,2026-09-05T10:00:00.000,7200,True,True,47.6,1436,35.1,61.9,False,False,3.62,15.5,listening,0,True,4.8,0,19.8,2489,0,False,,422
exp_v2_improved,run_008,2026-09-05T10:01:00.000,7260,True,True,35.9,1447,35.3,61.9,False,False,3.46,15.6,idle,1,True,9.5,0,17.5,2484,0,True,1 sample gap detected around hour 2 (transient SD card I/O stall).,423
exp_v2_improved,run_008,2026-09-05T10:02:00.000,7320,True,True,36.8,1445,35.3,64.9,False,False,3.42,15.7,idle,0,True,36.9,0,11.2,2484,0,False,,424
exp_v2_improved,run_008,2026-09-05T10:03:00.000,7380,True,True,48.8,1439,35.1,64.3,False,False,3.63,15.6,idle,0,True,6.3,0,16.7,2483,0,False,,425
exp_v2_improved,run_008,2026-09-05T10:04:00.000,7440,True,True,45.2,1448,35.3,65.8,False,False,3.58,16,idle,0,True,9.1,0,8.3,2477,0,False,,426
exp_v2_improved,run_008,2026-09-05T10:05:00.000,7500,True,True,37.5,1429,34.9,63.3,False,False,3.52,15.1,idle,0,True,9.1,0,18.5,2492,0,False,,427
exp_v2_improved,run_008,2026-09-05T10:06:00.000,7560,True,True,44.2,1442,35.2,65.7,False,False,3.58,15.9,idle,0,True,30,0,18.8,2487,0,False,,428
exp_v2_improved,run_008,2026-09-05T10:07:00.000,7620,True,True,41.3,1448,35.3,66.6,False,False,3.51,15.5,idle,0,True,7.3,0,17.3,2490,0,False,,429
exp_v2_improved,run_008,2026-09-05T10:08:00.000,7680,True,True,66,1437,35.1,66.1,False,False,3.76,15.5,idle,0,True,4.9,0,15.7,2490,0,False,,430
exp_v2_improved,run_008,2026-09-05T10:09:00.000,7740,True,True,65.6,1446,35.3,64.7,False,False,3.54,16,idle,0,True,10.8,0,15.3,2489,0,False,,431
exp_v2_improved,run_008,2026-09-05T10:10:00.000,7800,True,True,69.5,1439,35.1,64.3,False,False,3.71,15.6,idle,0,True,6.4,0,30.4,2491,0,False,,432
exp_v2_improved,run_008,2026-09-05T10:11:00.000,7860,True,True,37.2,1445,35.3,66.8,False,False,3.47,15.7,idle,0,True,5.3,0,15.3,2486,0,False,,433
exp_v2_improved,run_008,2026-09-05T10:12:00.000,7920,True,True,44.3,1448,35.4,64.4,False,False,3.76,15.7,listening,0,True,11,0,14.2,2495,0,False,,434
exp_v2_improved,run_008,2026-09-05T10:13:00.000,7980,True,True,43.1,1448,35.3,64.9,False,False,3.51,16,idle,0,True,10,0,9.9,2490,0,False,,435
exp_v2_improved,run_008,2026-09-05T10:14:00.000,8040,True,True,45.9,1453,35.5,64.8,False,False,3.78,16,idle,0,True,8.4,0,18.5,2489,0,False,,436
exp_v2_improved,run_008,2026-09-05T10:15:00.000,8100,True,True,42,1457,35.6,65.4,False,False,3.45,15.9,listening,0,True,10.1,0,23.2,2491,0,False,,437
exp_v2_improved,run_008,2026-09-05T10:16:00.000,8160,True,True,43.4,1455,35.5,68,False,False,3.36,15.6,idle,0,True,4.7,0,17.6,2490,0,False,,438
exp_v2_improved,run_008,2026-09-05T10:17:00.000,8220,True,True,58.1,1445,35.3,65.9,False,False,3.7,15.6,idle,0,True,7.8,0,14.3,2492,0,False,,439
exp_v2_improved,run_008,2026-09-05T10:18:00.000,8280,True,True,46.8,1448,35.4,62.3,False,False,3.66,15.9,listening,1,True,9,0,15.4,2489,0,False,,440
exp_v2_improved,run_008,2026-09-05T10:19:00.000,8340,True,True,44.8,1442,35.2,65.8,False,False,3.8,15.3,idle,1,True,7.2,0,15.3,2497,0,False,,441
exp_v2_improved,run_008,2026-09-05T10:20:00.000,8400,True,True,43.6,1454,35.5,63.8,False,False,3.4,15.7,idle,0,True,5.4,0,16.4,2492,0,False,,442
exp_v2_improved,run_008,2026-09-05T10:21:00.000,8460,True,True,34.6,1449,35.4,63.4,True,False,3.29,13.2,idle,0,True,3.2,0,11.9,2492,0,False,,443
exp_v2_improved,run_008,2026-09-05T10:22:00.000,8520,True,True,40.5,1451,35.4,68.9,False,False,3.57,15.5,idle,0,True,8.7,0,23.5,2491,0,False,,444
exp_v2_improved,run_008,2026-09-05T10:23:00.000,8580,True,True,43.5,1457,35.6,64.8,False,False,3.5,15.9,idle,0,True,2,0,17.8,2489,0,False,,445
exp_v2_improved,run_008,2026-09-05T10:24:00.000,8640,True,True,42.2,1455,35.5,64.4,False,False,3.53,16,idle,0,True,5.9,0,16.4,2492,0,False,,446
exp_v2_improved,run_008,2026-09-05T10:25:00.000,8700,True,True,37.9,1449,35.4,65.7,False,False,3.5,15.5,idle,0,True,4.9,0,11.6,2496,0,False,,447
exp_v2_improved,run_008,2026-09-05T10:26:00.000,8760,True,True,47.8,1459,35.6,67.4,False,False,3.56,16,idle,0,True,7.4,0,13.5,2498,0,False,,448
exp_v2_improved,run_008,2026-09-05T10:27:00.000,8820,True,True,39.7,1451,35.4,66.2,False,False,3.51,15.6,idle,0,True,4.7,0,13.6,2505,0,False,,449
exp_v2_improved,run_008,2026-09-05T10:28:00.000,8880,True,True,34.7,1454,35.5,65.6,False,False,3.66,15.3,idle,0,True,13.8,0,14.6,2491,0,False,,450
exp_v2_improved,run_008,2026-09-05T10:29:00.000,8940,True,True,38.5,1444,35.3,64.6,False,False,3.57,16,idle,0,True,2.4,0,16.9,2499,0,False,,451
exp_v2_improved,run_008,2026-09-05T10:30:00.000,9000,True,True,43.1,1445,35.3,64.1,False,False,3.59,15.9,idle,0,True,7.2,0,9.9,2504,0,False,,452
exp_v2_improved,run_008,2026-09-05T10:31:00.000,9060,True,True,43.3,1461,35.7,65.4,False,False,3.58,15.8,listening,0,True,8.8,0,18.4,2493,0,False,,453
exp_v2_improved,run_008,2026-09-05T10:32:00.000,9120,True,True,43.4,1463,35.7,64.7,False,False,3.56,15.5,idle,0,True,4.8,0,10.7,2495,0,False,,454
exp_v2_improved,run_008,2026-09-05T10:33:00.000,9180,True,True,39.8,1463,35.7,68.2,False,False,3.42,15.7,listening,0,True,8.6,0,12.5,2494,0,False,,455
exp_v2_improved,run_008,2026-09-05T10:34:00.000,9240,True,True,40.8,1447,35.3,64.8,False,False,3.46,15.7,idle,0,True,4.1,0,19.8,2495,0,False,,456
exp_v2_improved,run_008,2026-09-05T10:35:00.000,9300,True,True,35.8,1454,35.5,64.9,False,False,3.42,15.7,idle,0,True,9.1,0,21,2500,0,False,,457
exp_v2_improved,run_008,2026-09-05T10:36:00.000,9360,True,True,40.3,1465,35.8,67.8,False,False,3.53,15.5,idle,0,True,40.5,0,18.4,2495,0,False,,458
exp_v2_improved,run_008,2026-09-05T10:37:00.000,9420,True,True,35.7,1459,35.6,65.5,False,False,3.55,15.5,idle,0,True,6.2,0,17.7,2502,0,False,,459
exp_v2_improved,run_008,2026-09-05T10:38:00.000,9480,True,True,48.4,1468,35.9,64.4,False,False,3.52,15.2,idle,0,True,148.1,0,22.7,2495,0,False,,460
exp_v2_improved,run_008,2026-09-05T10:39:00.000,9540,True,True,43.1,1470,35.9,66.1,False,False,3.65,15.8,listening,0,True,4.5,0,9.6,2501,0,False,,461
exp_v2_improved,run_008,2026-09-05T10:40:00.000,9600,True,True,44.7,1461,35.7,64.9,False,False,3.68,15.6,idle,0,True,8.7,0,12.1,2496,0,False,,462
exp_v2_improved,run_008,2026-09-05T10:41:00.000,9660,True,True,44.7,1462,35.7,68.2,False,False,3.52,15.5,idle,0,True,5.7,0,11.7,2508,0,False,,463
exp_v2_improved,run_008,2026-09-05T10:42:00.000,9720,True,True,39.3,1458,35.6,65.4,False,False,3.44,15.9,idle,0,True,7.3,0,12.8,2500,0,False,,464
exp_v2_improved,run_008,2026-09-05T10:43:00.000,9780,True,True,46.4,1462,35.7,61.8,False,False,3.72,15.7,idle,0,True,4,0,14.9,2497,0,False,,465
exp_v2_improved,run_008,2026-09-05T10:44:00.000,9840,True,True,38.2,1460,35.6,65.6,False,False,3.38,15.3,idle,0,True,8.9,0,15,2500,0,False,,466
exp_v2_improved,run_008,2026-09-05T10:45:00.000,9900,True,True,48.1,1468,35.8,64.1,False,False,3.7,15.9,idle,0,True,2,0,13.1,2495,0,False,,467
exp_v2_improved,run_008,2026-09-05T10:46:00.000,9960,True,True,48.4,1469,35.9,66.9,False,False,3.5,15.7,idle,0,True,6,0,18.4,2503,0,False,,468
exp_v2_improved,run_008,2026-09-05T10:47:00.000,10020,True,True,42.2,1457,35.6,65.3,False,False,3.54,16,idle,0,True,7.7,0,18.6,2501,0,False,,469
exp_v2_improved,run_008,2026-09-05T10:48:00.000,10080,True,True,41.3,1461,35.7,64.3,False,False,3.53,15.6,idle,0,True,3.9,0,16.8,2503,0,False,,470
exp_v2_improved,run_008,2026-09-05T10:49:00.000,10140,True,True,41.8,1461,35.7,67.7,False,False,3.51,15.6,idle,0,True,2,0,13.3,2496,0,False,,471
exp_v2_improved,run_008,2026-09-05T10:50:00.000,10200,True,True,48.1,1471,35.9,65.8,False,False,3.52,15.7,listening,1,True,25.5,0,24.2,2505,0,False,,472
exp_v2_improved,run_008,2026-09-05T10:51:00.000,10260,True,True,49.8,1473,35.9,66.3,False,False,3.52,15.5,idle,0,True,10.8,0,18.4,2504,0,False,,473
exp_v2_improved,run_008,2026-09-05T10:52:00.000,10320,True,True,60.6,1467,35.8,66.9,False,False,3.75,16,idle,0,True,8.7,0,18,2493,0,False,,474
exp_v2_improved,run_008,2026-09-05T10:53:00.000,10380,True,True,38.5,1465,35.8,65.3,False,False,3.62,15.7,listening,0,True,5.4,0,16.6,2503,0,False,,475
exp_v2_improved,run_008,2026-09-05T10:54:00.000,10440,True,True,46.6,1464,35.7,66.4,False,False,3.42,16,listening,0,True,7.7,0,18.7,2506,0,False,,476
exp_v2_improved,run_008,2026-09-05T10:55:00.000,10500,True,True,43.4,1474,36,66.8,False,False,3.68,15.8,listening,0,True,5.9,0,18.2,2497,0,False,,477
exp_v2_improved,run_008,2026-09-05T10:56:00.000,10560,True,True,43.1,1478,36.1,66.7,False,False,3.55,15.8,listening,0,True,2.6,0,19.7,2505,0,False,,478
exp_v2_improved,run_008,2026-09-05T10:57:00.000,10620,True,True,43.6,1468,35.9,67.5,False,False,3.5,15.7,idle,0,True,5.1,0,11.8,2506,0,False,,479
exp_v2_improved,run_008,2026-09-05T10:58:00.000,10680,True,True,39.9,1477,36.1,67.7,False,False,3.69,15.5,idle,0,True,9.3,0,19.8,2502,0,False,,480
exp_v2_improved,run_008,2026-09-05T10:59:00.000,10740,True,True,42.4,1464,35.7,68,False,False,3.47,15.8,listening,0,True,9.6,0,15.5,2501,0,False,,481
exp_v2_improved,run_008,2026-09-05T11:00:00.000,10800,True,True,42.4,1470,35.9,66.5,False,False,3.42,15.4,idle,0,True,10,0,17.8,2504,0,False,,482
exp_v2_improved,run_008,2026-09-05T11:01:00.000,10860,True,True,44.7,1470,35.9,69.8,False,False,3.48,15.6,idle,0,True,2.9,0,8.2,2506,0,False,,483
exp_v2_improved,run_008,2026-09-05T11:02:00.000,10920,True,True,37,1479,36.1,66.3,False,False,3.44,15.8,idle,0,True,8.8,0,15.2,2501,0,False,,484
exp_v2_improved,run_008,2026-09-05T11:03:00.000,10980,True,True,38.3,1456,35.6,70,False,False,3.38,15.6,idle,0,True,3.7,0,22.3,2502,0,False,,485
exp_v2_improved,run_008,2026-09-05T11:04:00.000,11040,True,True,47,1477,36.1,67.5,False,False,3.46,15.7,listening,0,True,6.7,0,13.5,2507,0,False,,486
exp_v2_improved,run_008,2026-09-05T11:05:00.000,11100,True,True,39.2,1475,36,68.4,False,False,3.58,15.5,listening,0,True,6.2,0,18.6,2503,0,False,,487
exp_v2_improved,run_008,2026-09-05T11:06:00.000,11160,True,True,44.1,1472,35.9,67.7,False,False,3.54,15.9,idle,0,True,34.3,0,16.2,2505,0,False,,488
exp_v2_improved,run_008,2026-09-05T11:07:00.000,11220,True,True,44.1,1484,36.2,62.5,False,False,3.49,15.7,listening,0,True,2.9,0,13.7,2509,0,False,,489
exp_v2_improved,run_008,2026-09-05T11:08:00.000,11280,True,True,31.6,1464,35.7,67.2,False,False,3.45,16,listening,0,True,2,0,16,2511,0,False,,490
exp_v2_improved,run_008,2026-09-05T11:09:00.000,11340,True,True,38.1,1464,35.7,67.1,False,False,3.48,15.5,idle,0,True,10.8,0,10.3,2508,0,False,,491
exp_v2_improved,run_008,2026-09-05T11:10:00.000,11400,True,True,43.3,1470,35.9,69.1,False,False,3.48,15.9,idle,0,True,8.7,0,15.8,2506,0,False,,492
exp_v2_improved,run_008,2026-09-05T11:11:00.000,11460,True,True,39.9,1476,36,72.6,False,False,3.49,16,idle,0,True,6,0,24.7,2515,0,False,,493
exp_v2_improved,run_008,2026-09-05T11:12:00.000,11520,True,True,53.3,1479,36.1,66.2,False,False,3.62,16,idle,0,True,5.7,0,14.8,2510,0,False,,494
exp_v2_improved,run_008,2026-09-05T11:13:00.000,11580,True,True,31.9,1471,35.9,65.2,False,False,3.64,15.5,idle,0,True,2.7,0,18.4,2511,0,False,,495
exp_v2_improved,run_008,2026-09-05T11:14:00.000,11640,True,True,39.3,1475,36,66.6,False,False,3.47,15.7,idle,0,True,4.4,0,18.4,2500,0,False,,496
exp_v2_improved,run_008,2026-09-05T11:15:00.000,11700,True,True,47.2,1484,36.2,67.6,False,False,3.54,15.8,listening,0,True,4.7,0,19.8,2503,0,False,,497
exp_v2_improved,run_008,2026-09-05T11:16:00.000,11760,True,True,46.3,1480,36.1,66.9,False,False,3.46,15.6,listening,0,True,5.5,0,14.6,2502,0,False,,498
exp_v2_improved,run_008,2026-09-05T11:17:00.000,11820,True,True,45.3,1477,36.1,70.3,False,False,3.45,15.6,idle,0,True,38.7,0,14,2513,0,False,,499
exp_v2_improved,run_008,2026-09-05T11:18:00.000,11880,True,True,49.2,1484,36.2,70.1,False,False,3.47,15.5,idle,0,True,11.8,0,12.7,2508,0,False,,500
exp_v2_improved,run_008,2026-09-05T11:19:00.000,11940,True,True,31.4,1481,36.2,68,False,False,3.39,15.8,idle,0,True,5.9,0,16.6,2511,0,False,,501
exp_v2_improved,run_008,2026-09-05T11:20:00.000,12000,True,True,38.5,1486,36.3,69.3,False,False,3.57,15.9,listening,0,True,10.9,0,18.7,2516,0,False,,502
exp_v2_improved,run_008,2026-09-05T11:21:00.000,12060,True,True,44.5,1463,35.7,69.4,False,False,3.58,15.5,listening,0,True,4.6,0,16.7,2516,0,False,,503
exp_v2_improved,run_008,2026-09-05T11:22:00.000,12120,True,True,47.7,1481,36.2,69.8,False,False,3.61,15.6,listening,0,True,4.6,0,11.5,2514,0,False,,504
exp_v2_improved,run_008,2026-09-05T11:23:00.000,12180,True,True,34.8,1489,36.3,67.2,False,False,3.47,15.9,idle,0,True,3,0,15.9,2511,0,False,,505
exp_v2_improved,run_008,2026-09-05T11:24:00.000,12240,True,True,37.9,1484,36.2,65.5,False,False,3.42,15.7,listening,0,True,5.7,0,14.6,2509,0,False,,506
exp_v2_improved,run_008,2026-09-05T11:25:00.000,12300,True,True,53.6,1487,36.3,67.3,False,False,3.69,15.5,idle,0,True,13.1,0,16.9,2512,0,False,,507
exp_v2_improved,run_008,2026-09-05T11:26:00.000,12360,True,True,48.2,1493,36.4,69.5,False,False,3.64,15.7,idle,0,True,3.9,0,20.9,2510,0,False,,508
exp_v2_improved,run_008,2026-09-05T11:27:00.000,12420,True,True,44.6,1483,36.2,67,False,False,3.47,15.6,idle,0,True,3.2,0,16.8,2509,0,False,,509
exp_v2_improved,run_008,2026-09-05T11:28:00.000,12480,True,True,45.7,1483,36.2,65.3,False,False,3.5,16,idle,0,True,10.5,0,18.5,2512,0,False,,510
exp_v2_improved,run_008,2026-09-05T11:29:00.000,12540,True,True,50.3,1482,36.2,64.4,False,False,3.52,15.9,idle,0,True,8.6,0,13.6,2519,0,False,,511
exp_v2_improved,run_008,2026-09-05T11:30:00.000,12600,True,True,45.8,1495,36.5,68.7,False,False,3.41,15.5,idle,0,True,5.7,0,15.1,2522,0,False,,512
exp_v2_improved,run_008,2026-09-05T11:31:00.000,12660,True,True,38.9,1482,36.2,67.3,False,False,3.4,15.5,listening,0,True,9.7,0,16.7,2519,0,False,,513
exp_v2_improved,run_008,2026-09-05T11:32:00.000,12720,True,True,45.6,1489,36.4,69.6,False,False,3.41,16,listening,0,True,9.2,0,21,2512,0,False,,514
exp_v2_improved,run_008,2026-09-05T11:33:00.000,12780,True,True,44.5,1486,36.3,67.2,False,False,3.38,15.9,idle,1,True,7.2,0,21.1,2514,0,False,,515
exp_v2_improved,run_008,2026-09-05T11:34:00.000,12840,True,True,58.5,1477,36.1,68.1,False,False,3.57,16,idle,0,True,4.8,0,19.9,2516,0,False,,516
exp_v2_improved,run_008,2026-09-05T11:35:00.000,12900,True,True,48.3,1502,36.7,66.9,False,False,3.37,15.6,listening,1,True,10.3,0,24,2510,0,False,,517
exp_v2_improved,run_008,2026-09-05T11:36:00.000,12960,True,True,31.5,1487,36.3,71.1,False,False,3.34,15.5,listening,0,True,7.6,0.7,17.4,2520,0,False,,518
exp_v2_improved,run_008,2026-09-05T11:37:00.000,13020,True,True,46.1,1485,36.3,71.5,False,False,3.54,15.5,idle,0,True,9,0,14.2,2516,0,False,,519
exp_v2_improved,run_008,2026-09-05T11:38:00.000,13080,True,True,42,1489,36.3,68.3,False,False,3.46,15.5,listening,0,True,8.3,0,19,2519,0,False,,520
exp_v2_improved,run_008,2026-09-05T11:39:00.000,13140,True,True,34.4,1490,36.4,68.5,False,False,3.3,15.7,listening,0,True,2,0,21.3,2517,0,False,,521
exp_v2_improved,run_008,2026-09-05T11:40:00.000,13200,True,True,50.9,1494,36.5,68.4,False,False,3.55,15.9,idle,0,True,8.6,0,15.5,2522,0,False,,522
exp_v2_improved,run_008,2026-09-05T11:41:00.000,13260,True,True,39.3,1486,36.3,68.8,False,False,3.45,15.9,idle,0,True,12.5,0,16.7,2519,0,False,,523
exp_v2_improved,run_008,2026-09-05T11:42:00.000,13320,True,True,45.3,1492,36.4,67.1,False,False,3.61,15.7,listening,0,True,10.1,0,21.2,2515,0,False,,524
exp_v2_improved,run_008,2026-09-05T11:43:00.000,13380,True,True,42.2,1505,36.7,71.4,False,False,3.51,15.6,idle,0,True,11,0,13.4,2512,0,False,,525
exp_v2_improved,run_008,2026-09-05T11:44:00.000,13440,True,True,42.3,1489,36.4,69.8,False,False,3.36,15.7,idle,0,True,9.4,0,24.9,2520,0,False,,526
exp_v2_improved,run_008,2026-09-05T11:45:00.000,13500,True,True,48.9,1486,36.3,68,False,False,3.56,15.6,idle,0,True,10.2,0,14.2,2510,0,False,,527
exp_v2_improved,run_008,2026-09-05T11:46:00.000,13560,True,True,42.6,1482,36.2,67.9,False,False,3.59,15.4,idle,0,True,8.3,0,18.8,2517,0,False,,528
exp_v2_improved,run_008,2026-09-05T11:47:00.000,13620,True,True,43.7,1493,36.5,70.1,False,False,3.69,15.6,idle,0,True,6.9,0,16.1,2519,0,False,,529
exp_v2_improved,run_008,2026-09-05T11:48:00.000,13680,True,True,69.1,1491,36.4,66.8,False,False,3.64,15.8,listening,0,True,5,0,10.7,2511,0,False,,530
exp_v2_improved,run_008,2026-09-05T11:49:00.000,13740,True,True,41.5,1498,36.6,73.8,False,False,3.6,16,idle,0,True,9.9,0,15.8,2521,0,False,,531
exp_v2_improved,run_008,2026-09-05T11:50:00.000,13800,True,True,45.4,1493,36.4,68.8,False,False,3.52,15.7,listening,0,True,9.3,0,15.1,2513,0,False,,532
exp_v2_improved,run_008,2026-09-05T11:51:00.000,13860,True,True,45.6,1494,36.5,68.1,False,False,3.49,15.8,idle,0,True,11.1,0,18.4,2523,0,False,,533
exp_v2_improved,run_008,2026-09-05T11:52:00.000,13920,True,True,36.5,1497,36.5,70.2,False,False,3.6,15.7,idle,0,True,9.5,0,12.5,2522,0,False,,534
exp_v2_improved,run_008,2026-09-05T11:53:00.000,13980,True,True,38.9,1492,36.4,71.1,False,False,3.62,15.6,listening,0,True,8,0,15.1,2530,0,False,,535
exp_v2_improved,run_008,2026-09-05T11:54:00.000,14040,True,True,67.5,1491,36.4,66,False,False,3.59,16,idle,0,True,10.9,0,13.3,2520,0,False,,536
exp_v2_improved,run_008,2026-09-05T11:55:00.000,14100,True,True,41,1498,36.6,68.4,False,False,3.49,15.9,listening,0,True,7,0,13.9,2515,0,False,,537
exp_v2_improved,run_008,2026-09-05T11:56:00.000,14160,True,True,39.6,1486,36.3,70.6,False,False,3.49,15.9,idle,0,True,72.7,0,14.9,2523,0,False,,538
exp_v2_improved,run_008,2026-09-05T11:57:00.000,14220,True,True,32.6,1505,36.7,68.3,False,False,3.4,15.5,listening,0,True,7,0,22,2520,0,False,,539
exp_v2_improved,run_008,2026-09-05T11:58:00.000,14280,True,True,43.7,1502,36.7,70.8,False,False,3.26,15.3,listening,0,True,9.1,0,12,2522,0,False,,540
exp_v2_improved,run_008,2026-09-05T11:59:00.000,14340,True,True,48.7,1499,36.6,72.2,False,False,3.73,15.4,idle,0,True,5.9,0,10,2521,0,False,,541
exp_v2_improved,run_008,2026-09-05T12:00:00.000,14400,True,True,43.3,1497,36.5,68.7,False,False,3.57,15.6,listening,0,True,7.3,0,18.5,2526,0,False,,542
exp_v2_improved,run_008,2026-09-05T12:01:00.000,14460,True,True,45.2,1494,36.5,68.4,False,False,3.56,16,listening,0,True,10.1,0,19.6,2526,0,False,,543
exp_v2_improved,run_008,2026-09-05T12:02:00.000,14520,True,True,35.4,1503,36.7,70.2,False,False,3.52,15.8,idle,0,True,4.3,0,10.5,2524,0,False,,544
exp_v2_improved,run_008,2026-09-05T12:03:00.000,14580,True,True,59.3,1505,36.7,72,False,False,3.65,15.8,idle,0,True,9.5,0,13.3,2522,0,False,,545
exp_v2_improved,run_008,2026-09-05T12:04:00.000,14640,True,True,43.6,1516,37,71.1,False,False,3.57,15.6,idle,0,True,7.6,0,14.6,2519,0,False,,546
exp_v2_improved,run_008,2026-09-05T12:05:00.000,14700,True,True,39.1,1498,36.6,71.3,False,False,3.53,15.9,idle,0,True,8.7,0,16.1,2524,0,False,,547
exp_v2_improved,run_008,2026-09-05T12:06:00.000,14760,True,True,44.7,1501,36.7,71,False,False,3.49,16,idle,1,True,9.4,0,16.1,2514,0,False,,548
exp_v2_improved,run_008,2026-09-05T12:07:00.000,14820,True,True,37.7,1504,36.7,69.2,False,False,3.53,15.9,idle,0,True,52.9,0,18,2525,0,False,,549
exp_v2_improved,run_008,2026-09-05T12:08:00.000,14880,True,True,41.2,1502,36.7,71.1,False,False,3.48,16,idle,0,True,10.7,0,16.4,2520,0,False,,550
exp_v2_improved,run_008,2026-09-05T12:09:00.000,14940,True,True,44.8,1509,36.8,70.4,False,False,3.51,15.8,idle,0,True,17.2,0,21.9,2526,0,False,,551
exp_v2_improved,run_008,2026-09-05T12:10:00.000,15000,True,True,38.3,1517,37,71.6,False,False,3.42,15.7,idle,0,True,8.1,0,25.7,2524,0,False,,552
exp_v2_improved,run_008,2026-09-05T12:11:00.000,15060,True,True,42.4,1500,36.6,74.4,False,False,3.41,15.6,idle,0,True,10,0,15.4,2527,0,False,,553
exp_v2_improved,run_008,2026-09-05T12:12:00.000,15120,True,True,37.3,1510,36.9,70.5,False,False,3.49,15.8,idle,0,True,2.5,0,17.5,2524,0,False,,554
exp_v2_improved,run_008,2026-09-05T12:13:00.000,15180,True,True,47.2,1501,36.6,67.9,False,False,3.56,15.8,idle,0,True,8.3,0,13.4,2531,0,False,,555
exp_v2_improved,run_008,2026-09-05T12:14:00.000,15240,True,True,43.9,1517,37,67.9,False,False,3.55,15.8,idle,0,True,10.8,0,18.4,2526,0,False,,556
exp_v2_improved,run_008,2026-09-05T12:15:00.000,15300,True,True,42.3,1509,36.8,68.9,False,False,3.55,15.7,idle,0,True,8.2,0,16.5,2528,0,False,,557
exp_v2_improved,run_008,2026-09-05T12:16:00.000,15360,True,True,46.2,1505,36.7,69.9,False,False,3.59,15.3,idle,0,True,5.8,0,9.1,2524,0,False,,558
exp_v2_improved,run_008,2026-09-05T12:17:00.000,15420,True,True,44.5,1518,37.1,71.9,False,False,3.64,15.9,listening,0,True,2.7,0,17.4,2522,0,False,,559
exp_v2_improved,run_008,2026-09-05T12:18:00.000,15480,True,True,41.4,1519,37.1,73.6,False,False,3.44,15.6,idle,0,True,6.6,0,16.5,2530,0,False,,560
exp_v2_improved,run_008,2026-09-05T12:19:00.000,15540,True,True,44.7,1518,37.1,69.2,False,False,3.59,15.8,idle,0,True,5.6,0,7.5,2533,0,False,,561
exp_v2_improved,run_008,2026-09-05T12:20:00.000,15600,True,True,36.1,1522,37.2,68.8,False,False,3.57,15.6,idle,0,True,11.3,0,17.2,2529,0,False,,562
exp_v2_improved,run_008,2026-09-05T12:21:00.000,15660,True,True,69.2,1509,36.8,72.8,False,False,3.75,15.5,idle,0,True,4.4,0,14.4,2528,0,False,,563
exp_v2_improved,run_008,2026-09-05T12:22:00.000,15720,True,True,49.6,1500,36.6,71,False,False,3.44,15.8,idle,0,True,4.1,0,13.3,2537,0,False,,564
exp_v2_improved,run_008,2026-09-05T12:23:00.000,15780,True,True,68.9,1507,36.8,70.9,False,False,3.65,15.3,listening,0,True,6.4,0,12.2,2533,0,False,,565
exp_v2_improved,run_008,2026-09-05T12:24:00.000,15840,True,True,40.7,1514,37,66.7,False,False,3.61,15.5,listening,0,True,8.5,0,12.9,2528,0,False,,566
exp_v2_improved,run_008,2026-09-05T12:25:00.000,15900,True,True,42.9,1500,36.6,71.5,False,False,3.59,16,listening,0,True,7.4,0,21.6,2531,0,False,,567
exp_v2_improved,run_008,2026-09-05T12:26:00.000,15960,True,True,49.1,1513,36.9,71.7,False,False,3.68,15.9,idle,0,True,2.9,0,16.5,2531,0,False,,568
exp_v2_improved,run_008,2026-09-05T12:27:00.000,16020,True,True,52,1513,36.9,71.5,False,False,3.54,15.7,idle,0,True,8.1,0,12.5,2533,0,False,,569
exp_v2_improved,run_008,2026-09-05T12:28:00.000,16080,True,True,39.6,1512,36.9,72.7,False,False,3.41,15.5,idle,0,True,13.2,0,9.5,2541,0,False,,570
exp_v2_improved,run_008,2026-09-05T12:29:00.000,16140,True,True,41.6,1515,37,70.8,False,False,3.56,15.3,listening,0,True,70.8,0,15.3,2529,0,False,,571
exp_v2_improved,run_008,2026-09-05T12:30:00.000,16200,True,True,41.5,1519,37.1,70.2,False,False,3.37,15.1,idle,0,True,9.8,0,17.6,2531,0,False,,572
exp_v2_improved,run_008,2026-09-05T12:31:00.000,16260,True,True,43.8,1508,36.8,71.7,False,False,3.67,15.5,listening,0,True,5.6,0,21.2,2527,0,False,,573
exp_v2_improved,run_008,2026-09-05T12:32:00.000,16320,True,True,32,1520,37.1,70.9,False,False,3.56,16,idle,0,True,5.9,0,16.1,2535,0,False,,574
exp_v2_improved,run_008,2026-09-05T12:33:00.000,16380,True,True,40.1,1519,37.1,73.7,False,False,3.51,15.5,listening,0,True,5.9,0,10.8,2530,0,False,,575
exp_v2_improved,run_008,2026-09-05T12:34:00.000,16440,True,True,50.6,1514,37,68.7,False,False,3.49,15.8,listening,0,True,5.2,0,11.5,2534,0,False,,576
exp_v2_improved,run_008,2026-09-05T12:35:00.000,16500,True,True,40.7,1516,37,71.5,True,False,3.38,13.6,listening,0,True,12.7,0,9.5,2534,0,False,,577
exp_v2_improved,run_008,2026-09-05T12:36:00.000,16560,True,True,38.4,1521,37.1,70.7,False,False,3.53,15.9,idle,0,True,7.7,0,17.5,2532,0,False,,578
exp_v2_improved,run_008,2026-09-05T12:37:00.000,16620,True,True,43.5,1530,37.4,74.7,False,False,3.51,16,idle,0,True,153.2,0,16.8,2533,0,False,,579
exp_v2_improved,run_008,2026-09-05T12:38:00.000,16680,True,True,46.1,1521,37.1,70,False,False,3.37,16,listening,0,True,5.2,0,19.9,2530,0,False,,580
exp_v2_improved,run_008,2026-09-05T12:39:00.000,16740,True,True,39,1514,37,69.2,False,False,3.51,15.6,idle,0,True,7.1,0,11.9,2528,0,False,,581
exp_v2_improved,run_008,2026-09-05T12:40:00.000,16800,True,True,41.3,1518,37.1,71.9,False,False,3.65,15.5,idle,0,True,7.2,0,14.7,2529,0,False,,582
exp_v2_improved,run_008,2026-09-05T12:41:00.000,16860,True,True,43.4,1519,37.1,72.9,False,False,3.47,15.8,listening,0,True,9.9,0,19.1,2537,0,False,,583
exp_v2_improved,run_008,2026-09-05T12:42:00.000,16920,True,True,63.5,1523,37.2,71.2,False,False,3.73,15.9,idle,0,True,9.6,0,12.9,2536,0,False,,584
exp_v2_improved,run_008,2026-09-05T12:43:00.000,16980,True,True,46.7,1524,37.2,71.8,False,False,3.59,15.5,listening,1,True,4.7,0,19.6,2532,0,False,,585
exp_v2_improved,run_008,2026-09-05T12:44:00.000,17040,True,True,42.4,1530,37.4,73.5,False,False,3.41,15.8,idle,0,True,12.5,0,15.2,2532,0,False,,586
exp_v2_improved,run_008,2026-09-05T12:45:00.000,17100,True,True,45.2,1523,37.2,69.4,False,False,3.41,15.9,listening,0,True,11,0,15.4,2536,0,False,,587
exp_v2_improved,run_008,2026-09-05T12:46:00.000,17160,True,True,52.2,1522,37.1,71.6,False,False,3.55,16,idle,1,True,48.8,0,10.1,2536,0,False,,588
exp_v2_improved,run_008,2026-09-05T12:47:00.000,17220,True,True,42.4,1521,37.1,70.5,False,False,3.61,15.6,idle,0,True,5,0,12.4,2530,0,False,,589
exp_v2_improved,run_008,2026-09-05T12:48:00.000,17280,True,True,45.2,1519,37.1,69.1,False,False,3.51,15.8,idle,1,True,16.4,0,16.4,2538,0,False,,590
exp_v2_improved,run_008,2026-09-05T12:49:00.000,17340,True,True,46.3,1522,37.2,71.3,False,False,3.67,16,listening,0,True,6.5,0,18.6,2536,0,False,,591
exp_v2_improved,run_008,2026-09-05T12:50:00.000,17400,True,True,44.4,1533,37.4,72.2,False,False,3.48,15.8,listening,1,True,4.3,0,13.1,2537,0,False,,592
exp_v2_improved,run_008,2026-09-05T12:51:00.000,17460,True,True,39.2,1525,37.2,73.2,False,False,3.53,15.8,idle,1,True,5.6,0,20.7,2544,0,False,,593
exp_v2_improved,run_008,2026-09-05T12:52:00.000,17520,True,True,43.3,1520,37.1,67.7,False,False,3.42,15.7,idle,0,True,3.8,0,14.5,2534,0,False,,594
exp_v2_improved,run_008,2026-09-05T12:53:00.000,17580,True,True,33.3,1535,37.5,74,False,False,3.4,16,listening,0,True,3.2,0,15,2541,0,False,,595
exp_v2_improved,run_008,2026-09-05T12:54:00.000,17640,True,True,47,1525,37.2,72.6,False,False,3.35,15.6,idle,0,True,3.7,0,8.5,2541,0,False,,596
exp_v2_improved,run_008,2026-09-05T12:55:00.000,17700,True,True,50.4,1530,37.3,74.5,False,False,3.72,15.5,idle,0,True,10,0,14.1,2535,0,False,,597
exp_v2_improved,run_008,2026-09-05T12:56:00.000,17760,True,True,42.5,1521,37.1,73.2,False,False,3.55,15.3,idle,0,True,3.9,0,10.5,2539,0,False,,598
exp_v2_improved,run_008,2026-09-05T12:57:00.000,17820,True,True,40.2,1522,37.2,73,False,False,3.49,15.9,idle,0,True,10.5,0,17.8,2540,0,False,,599
exp_v2_improved,run_008,2026-09-05T12:58:00.000,17880,True,True,46.4,1525,37.2,72.4,False,False,3.55,15.9,idle,0,True,5.9,0,13.1,2537,0,False,,600
exp_v2_improved,run_008,2026-09-05T12:59:00.000,17940,True,True,40.6,1527,37.3,73.1,False,False,3.51,15.3,listening,0,True,6.7,0,14.1,2542,0,False,,601
exp_v2_improved,run_008,2026-09-05T13:00:00.000,18000,True,True,35.2,1538,37.5,72.6,False,False,3.42,15.4,listening,0,True,9.5,0,14.8,2542,0,False,,602
exp_v2_improved,run_008,2026-09-05T13:01:00.000,18060,True,True,59.9,1527,37.3,68.7,False,False,3.6,15.4,listening,0,True,6.4,0,17.2,2539,0,False,,603
exp_v2_improved,run_008,2026-09-05T13:02:00.000,18120,True,True,43.6,1523,37.2,75.4,False,False,3.6,15.9,idle,0,True,11.3,0,11.9,2538,0,False,,604
exp_v2_improved,run_008,2026-09-05T13:03:00.000,18180,True,True,42.9,1530,37.4,72.2,False,False,3.44,15.6,listening,0,True,4.6,0,20.1,2537,0,False,,605
exp_v2_improved,run_008,2026-09-05T13:04:00.000,18240,True,True,32,1543,37.7,73.6,False,False,3.49,15.5,idle,1,True,8,0,19.3,2546,0,False,,606
exp_v2_improved,run_008,2026-09-05T13:05:00.000,18300,True,True,38.9,1532,37.4,71.9,False,False,3.43,15.3,listening,1,True,6.1,0,16.2,2542,0,False,,607
exp_v2_improved,run_008,2026-09-05T13:06:00.000,18360,True,True,43,1526,37.3,71,False,False,3.64,15.5,listening,0,True,6.7,0,19.8,2536,0,False,,608
exp_v2_improved,run_008,2026-09-05T13:07:00.000,18420,True,True,35.5,1537,37.5,71.7,False,False,3.46,15.6,idle,1,True,7,0,13.5,2545,0,False,,609
exp_v2_improved,run_008,2026-09-05T13:08:00.000,18480,True,True,44,1532,37.4,71.2,False,False,3.5,15.6,idle,0,True,10.9,0,15.5,2542,0,False,,610
exp_v2_improved,run_008,2026-09-05T13:09:00.000,18540,True,True,39.1,1537,37.5,73.7,False,False,3.52,15.7,listening,0,True,2,0,19.2,2537,0,False,,611
exp_v2_improved,run_008,2026-09-05T13:10:00.000,18600,True,True,40.9,1537,37.5,72.4,False,False,3.27,16,listening,0,True,10.5,0,17.4,2535,0,False,,612
exp_v2_improved,run_008,2026-09-05T13:11:00.000,18660,True,True,43.6,1550,37.8,72.9,False,False,3.45,15.7,idle,0,True,6.5,0,14.3,2543,0,False,,613
exp_v2_improved,run_008,2026-09-05T13:12:00.000,18720,True,True,47.1,1542,37.6,71.7,False,False,3.61,15.7,idle,0,True,7.2,0,18.3,2536,0,False,,614
exp_v2_improved,run_008,2026-09-05T13:13:00.000,18780,True,True,42,1539,37.6,71.4,False,False,3.54,16,listening,0,True,2,0,18.2,2543,0,False,,615
exp_v2_improved,run_008,2026-09-05T13:14:00.000,18840,True,True,39.5,1527,37.3,74.1,False,False,3.41,15.2,listening,0,True,5.1,0,13.9,2548,0,False,,616
exp_v2_improved,run_008,2026-09-05T13:15:00.000,18900,True,True,47.5,1536,37.5,75.8,False,False,3.44,16,idle,1,True,10.4,0,16.7,2545,0,False,,617
exp_v2_improved,run_008,2026-09-05T13:16:00.000,18960,True,True,44,1534,37.5,71.5,False,False,3.77,15.7,idle,0,True,7.4,0,11,2544,0,False,,618
exp_v2_improved,run_008,2026-09-05T13:17:00.000,19020,True,True,50.3,1541,37.6,75.5,False,False,3.46,15.7,listening,0,True,4.9,0,21.3,2542,0,False,,619
exp_v2_improved,run_008,2026-09-05T13:18:00.000,19080,True,True,44.2,1532,37.4,74.4,False,False,3.49,15.3,idle,0,True,9.2,0,16.6,2554,0,False,,620
exp_v2_improved,run_008,2026-09-05T13:19:00.000,19140,True,True,40.5,1549,37.8,76.1,False,False,3.5,15.7,listening,0,True,96,0,19.5,2539,0,False,,621
exp_v2_improved,run_008,2026-09-05T13:20:00.000,19200,True,True,58.4,1541,37.6,71.5,False,False,3.7,15.6,idle,0,True,6.4,0,16.6,2543,0,False,,622
exp_v2_improved,run_008,2026-09-05T13:21:00.000,19260,True,True,38.4,1541,37.6,75,False,False,3.39,15.8,idle,0,True,10.3,0,25.5,2546,0,False,,623
exp_v2_improved,run_008,2026-09-05T13:22:00.000,19320,True,True,51.6,1543,37.7,72.7,False,False,3.55,15.6,listening,0,True,6.9,0,19.3,2549,0,False,,624
exp_v2_improved,run_008,2026-09-05T13:23:00.000,19380,True,True,41.8,1543,37.7,70.1,False,False,3.72,15.9,listening,0,True,6.1,0,17.9,2549,0,False,,625
exp_v2_improved,run_008,2026-09-05T13:24:00.000,19440,True,True,66.9,1551,37.9,73.9,False,False,3.48,15.4,listening,0,True,4.8,0,20.5,2547,0,False,,626
exp_v2_improved,run_008,2026-09-05T13:25:00.000,19500,True,True,66.8,1543,37.7,72.4,False,False,3.62,15.4,idle,0,True,4.3,0,13,2554,0,False,,627
exp_v2_improved,run_008,2026-09-05T13:26:00.000,19560,True,True,61.8,1543,37.7,76.1,False,False,3.58,16,listening,0,True,8.8,0,47.8,2556,0,False,,628
exp_v2_improved,run_008,2026-09-05T13:27:00.000,19620,True,True,45.3,1542,37.6,72.2,False,False,3.4,15.6,idle,0,True,8.3,0,16.7,2551,0,False,,629
exp_v2_improved,run_008,2026-09-05T13:28:00.000,19680,True,True,39.1,1546,37.7,73.7,False,False,3.34,16,listening,0,True,2.8,0,13.2,2551,0,False,,630
exp_v2_improved,run_008,2026-09-05T13:29:00.000,19740,True,True,47.4,1552,37.9,73.1,False,False,3.62,15.6,idle,0,True,6.1,0,12.1,2544,0,False,,631
exp_v2_improved,run_008,2026-09-05T13:30:00.000,19800,True,True,34.3,1549,37.8,73.2,False,False,3.31,15.6,listening,0,True,6.9,0,18.5,2555,0,False,,632
exp_v2_improved,run_008,2026-09-05T13:31:00.000,19860,True,True,40.4,1556,38,73,False,False,3.5,15.1,listening,0,True,6.6,0,22.8,2547,0,False,,633
exp_v2_improved,run_008,2026-09-05T13:32:00.000,19920,True,True,41.4,1540,37.6,74.8,False,False,3.45,15.6,listening,0,True,10.4,0,18,2552,0,False,,634
exp_v2_improved,run_008,2026-09-05T13:33:00.000,19980,True,True,41.6,1550,37.8,72.6,False,False,3.5,15.9,listening,0,True,4.6,0,19.5,2549,0,False,,635
exp_v2_improved,run_008,2026-09-05T13:34:00.000,20040,True,True,39.6,1549,37.8,76.2,False,False,3.42,15.6,listening,0,True,7.1,0,15.9,2548,0,False,,636
exp_v2_improved,run_008,2026-09-05T13:35:00.000,20100,True,True,44.6,1550,37.8,71,False,False,3.57,15.5,listening,0,True,2,0,9.8,2548,0,False,,637
exp_v2_improved,run_008,2026-09-05T13:36:00.000,20160,True,True,33.4,1538,37.6,73.9,False,False,3.6,15.8,idle,0,True,10.2,0,19.6,2554,0,False,,638
exp_v2_improved,run_008,2026-09-05T13:37:00.000,20220,True,True,41.4,1545,37.7,71.4,False,False,3.52,15.6,idle,0,True,3.2,0,20.8,2546,0,False,,639
exp_v2_improved,run_008,2026-09-05T13:38:00.000,20280,True,True,47.3,1543,37.7,72.2,False,False,3.44,15.8,idle,0,True,14.6,0,14.1,2553,0,False,,640
exp_v2_improved,run_008,2026-09-05T13:39:00.000,20340,True,True,49.1,1548,37.8,73.2,False,False,3.58,15.9,idle,1,True,3.9,0,12.2,2555,0,False,,641
exp_v2_improved,run_008,2026-09-05T13:40:00.000,20400,True,True,38.7,1559,38.1,74.7,False,False,3.4,15.5,idle,1,True,7.2,0,10.1,2551,0,False,,642
exp_v2_improved,run_008,2026-09-05T13:41:00.000,20460,True,True,52.1,1561,38.1,75.6,False,False,3.65,15.7,idle,0,True,81.6,0,22.7,2552,0,False,,643
exp_v2_improved,run_008,2026-09-05T13:42:00.000,20520,True,True,35.7,1557,38,75,False,False,3.56,15.7,idle,0,True,7.5,0,18.8,2554,0,False,,644
exp_v2_improved,run_008,2026-09-05T13:43:00.000,20580,True,True,49,1553,37.9,77.1,False,False,3.58,15.9,idle,0,True,2,0,21.7,2554,0,False,,645
exp_v2_improved,run_008,2026-09-05T13:44:00.000,20640,True,True,31.2,1549,37.8,72.7,False,False,3.4,15.8,idle,0,True,3.9,0,13,2552,0,False,,646
exp_v2_improved,run_008,2026-09-05T13:45:00.000,20700,True,True,38.8,1555,38,74,False,False,3.57,15.1,idle,0,True,13.4,0,15.3,2553,0,False,,647
exp_v2_improved,run_008,2026-09-05T13:46:00.000,20760,True,True,42.7,1547,37.8,75.5,False,False,3.57,15.5,idle,0,True,6.2,0,9.4,2553,0,False,,648
exp_v2_improved,run_008,2026-09-05T13:47:00.000,20820,True,True,42.1,1552,37.9,71.8,False,False,3.6,15.6,idle,0,True,3.2,0,7.1,2554,0,False,,649
exp_v2_improved,run_008,2026-09-05T13:48:00.000,20880,True,True,42.5,1561,38.1,71.6,False,False,3.46,15.6,listening,1,True,7.5,0,17.2,2553,0,False,,650
exp_v2_improved,run_008,2026-09-05T13:49:00.000,20940,True,True,46.4,1550,37.9,73.4,False,False,3.52,15.8,idle,0,True,7.1,0,19.5,2552,0,False,,651
exp_v2_improved,run_008,2026-09-05T13:50:00.000,21000,True,True,44.1,1560,38.1,75.9,False,False,3.29,15.8,idle,0,True,9.6,0,13,2556,0,False,,652
exp_v2_improved,run_008,2026-09-05T13:51:00.000,21060,True,True,44.4,1562,38.1,77.3,False,False,3.53,16,idle,0,True,9.4,0,18.3,2556,0,False,,653
exp_v2_improved,run_008,2026-09-05T13:52:00.000,21120,True,True,39.7,1569,38.3,74.3,False,False,3.4,15.4,listening,0,True,5.4,0,14.3,2555,0,False,,654
exp_v2_improved,run_008,2026-09-05T13:53:00.000,21180,True,True,34.9,1556,38,71.4,False,False,3.38,15.7,idle,0,True,33.1,0,14.5,2555,0,False,,655
exp_v2_improved,run_008,2026-09-05T13:54:00.000,21240,True,True,41.9,1558,38,75.6,False,False,3.5,15.6,listening,0,True,11.8,0,17.6,2554,0,False,,656
exp_v2_improved,run_008,2026-09-05T13:55:00.000,21300,True,True,48,1562,38.1,76,False,False,3.66,15.3,listening,0,True,8.7,0,20.6,2551,0,False,,657
exp_v2_improved,run_008,2026-09-05T13:56:00.000,21360,True,True,42.6,1553,37.9,72,False,False,3.38,15.3,idle,0,True,12,0,12.4,2565,0,False,,658
exp_v2_improved,run_008,2026-09-05T13:57:00.000,21420,True,True,61.3,1555,38,73.2,False,False,3.49,15.6,listening,0,True,4.7,0,13,2555,0,False,,659
exp_v2_improved,run_008,2026-09-05T13:58:00.000,21480,True,True,45.8,1568,38.3,74,False,False,3.52,15.6,listening,0,True,2.4,0,10.8,2560,0,False,,660
exp_v2_improved,run_008,2026-09-05T13:59:00.000,21540,True,True,38.1,1571,38.4,76.4,False,False,3.37,16,listening,0,True,3.2,0,14.1,2554,0,False,,661
exp_v2_improved,run_008,2026-09-05T14:00:00.000,21600,True,True,41.1,1559,38.1,75,False,False,3.45,16,idle,0,True,8.1,0,14.3,2563,0,False,,662
exp_v2_improved,run_008,2026-09-05T14:01:00.000,21660,True,True,46.1,1566,38.2,78.5,False,False,3.65,15.9,idle,1,True,145.7,0,22,2552,0,True,1 sample gap detected around hour 6 (thermal-induced I/O retry).,663
exp_v2_improved,run_008,2026-09-05T14:02:00.000,21720,True,True,39.3,1570,38.3,76.9,False,False,3.37,15.7,idle,0,True,9.4,0,18.7,2558,0,False,,664
exp_v2_improved,run_008,2026-09-05T14:03:00.000,21780,True,True,40,1563,38.2,73,False,False,3.63,15.6,idle,0,True,5.3,0,11.4,2562,0,False,,665
exp_v2_improved,run_008,2026-09-05T14:04:00.000,21840,True,True,40.3,1558,38,77.3,False,False,3.48,15.7,listening,0,True,9,0,13,2560,0,False,,666
exp_v2_improved,run_008,2026-09-05T14:05:00.000,21900,True,True,35.3,1560,38.1,74.7,False,False,3.52,15.9,listening,0,True,9.9,0,10.4,2558,0,False,,667
exp_v2_improved,run_008,2026-09-05T14:06:00.000,21960,True,True,35.6,1567,38.2,74.1,False,False,3.33,15.6,idle,0,True,3,0,23.3,2556,0,False,,668
exp_v2_improved,run_008,2026-09-05T14:07:00.000,22020,True,True,46.1,1568,38.3,73,False,False,3.47,15.6,idle,0,True,10.8,0,12.8,2554,0,False,,669
exp_v2_improved,run_008,2026-09-05T14:08:00.000,22080,True,True,44.1,1565,38.2,76.2,False,False,3.59,15.7,listening,0,True,8.8,0,18.5,2565,0,False,,670
exp_v2_improved,run_008,2026-09-05T14:09:00.000,22140,True,True,42.1,1564,38.2,77.1,False,False,3.58,15.5,listening,0,True,9.3,0,13.5,2563,0,False,,671
exp_v2_improved,run_008,2026-09-05T14:10:00.000,22200,True,True,40.4,1574,38.4,73.4,False,False,3.43,15.8,idle,0,True,6.9,0,20.7,2561,0,False,,672
exp_v2_improved,run_008,2026-09-05T14:11:00.000,22260,True,True,40.4,1567,38.3,74.7,False,False,3.5,15.6,listening,0,True,8.3,0,18.1,2561,0,False,,673
exp_v2_improved,run_008,2026-09-05T14:12:00.000,22320,True,True,37.2,1571,38.4,75.9,False,False,3.4,15.8,listening,0,True,148.1,0,15,2563,0,False,,674
exp_v2_improved,run_008,2026-09-05T14:13:00.000,22380,True,True,34.7,1571,38.4,76.7,False,False,3.27,16,listening,0,True,2,0,16.4,2562,0,False,,675
exp_v2_improved,run_008,2026-09-05T14:14:00.000,22440,True,True,49.4,1564,38.2,72.9,False,False,3.53,15.6,idle,0,True,7.2,0,11.3,2565,0,False,,676
exp_v2_improved,run_008,2026-09-05T14:15:00.000,22500,True,True,42.1,1567,38.2,74.9,False,False,3.61,15.8,idle,0,True,7.3,0,17.4,2564,0,False,,677
exp_v2_improved,run_008,2026-09-05T14:16:00.000,22560,True,True,31.4,1569,38.3,73,False,False,3.49,16,idle,1,True,141.4,0,16.6,2561,0,False,,678
exp_v2_improved,run_008,2026-09-05T14:17:00.000,22620,True,True,34,1568,38.3,74.5,False,False,3.41,15.7,idle,0,True,2.2,0,5.7,2558,0,False,,679
exp_v2_improved,run_008,2026-09-05T14:18:00.000,22680,True,True,37.3,1565,38.2,75.3,False,False,3.46,15.6,listening,0,True,11.5,0,15.9,2564,0,False,,680
exp_v2_improved,run_008,2026-09-05T14:19:00.000,22740,True,True,44.3,1580,38.6,75.3,False,False,3.63,15.8,listening,0,True,11.7,0,11.9,2567,0,False,,681
exp_v2_improved,run_008,2026-09-05T14:20:00.000,22800,True,True,36.5,1569,38.3,74.7,False,False,3.56,15.9,idle,0,True,4.2,0,14.7,2564,0,False,,682
exp_v2_improved,run_008,2026-09-05T14:21:00.000,22860,True,True,27.6,1572,38.4,75.6,False,False,3.32,15.6,idle,0,True,7.4,0,16,2561,0,False,,683
exp_v2_improved,run_008,2026-09-05T14:22:00.000,22920,True,True,41.4,1553,37.9,74,False,False,3.48,15.6,listening,0,True,8.3,0,20.4,2564,0,False,,684
exp_v2_improved,run_008,2026-09-05T14:23:00.000,22980,True,True,39.9,1575,38.5,75.1,False,False,3.67,15.5,idle,0,True,3.8,0,14.2,2574,0,False,,685
exp_v2_improved,run_008,2026-09-05T14:24:00.000,23040,True,True,47.6,1583,38.6,79.1,False,False,3.54,16,idle,0,True,83.6,0,14.6,2565,0,False,,686
exp_v2_improved,run_008,2026-09-05T14:25:00.000,23100,True,True,65.3,1570,38.3,77,False,False,3.75,15.3,idle,0,True,3.8,0,15.6,2563,0,False,,687
exp_v2_improved,run_008,2026-09-05T14:26:00.000,23160,False,True,0,1575,38.5,71.2,False,False,1.2,0,idle,1,True,4,0,18.2,2559,1,False,Watchdog-initiated Pi service restart (firmware self-test); queue recovered from WAL.,688
exp_v2_improved,run_008,2026-09-05T14:27:00.000,23220,True,True,60.9,1565,38.2,75.7,False,False,3.57,15.4,idle,0,True,6.6,0,15,2561,1,False,,689
exp_v2_improved,run_008,2026-09-05T14:28:00.000,23280,True,True,63.3,1574,38.4,76.2,False,False,3.59,15.9,idle,0,True,7.8,0,40.4,2561,1,False,,690
exp_v2_improved,run_008,2026-09-05T14:29:00.000,23340,True,True,62.4,1566,38.2,75.4,False,False,3.57,15.5,idle,0,True,11,0,38.1,2564,1,False,,691
exp_v2_improved,run_008,2026-09-05T14:30:00.000,23400,True,True,41.8,1580,38.6,77.3,False,False,3.6,15.7,idle,0,True,4.5,0,19.6,2573,1,False,,692
exp_v2_improved,run_008,2026-09-05T14:31:00.000,23460,True,True,46.7,1582,38.6,75.9,False,False,3.61,15.9,idle,0,True,7.2,0,21,2567,1,False,,693
exp_v2_improved,run_008,2026-09-05T14:32:00.000,23520,True,True,37,1573,38.4,73.1,False,False,3.64,15.4,idle,0,True,7.4,0,18.8,2572,1,False,,694
exp_v2_improved,run_008,2026-09-05T14:33:00.000,23580,True,True,41.7,1574,38.4,73.7,False,False,3.51,15.7,idle,0,True,2,0,10,2561,1,False,,695
exp_v2_improved,run_008,2026-09-05T14:34:00.000,23640,True,True,38,1577,38.5,77.4,False,False,3.39,15.5,idle,0,True,6.7,0,15.6,2566,1,False,,696
exp_v2_improved,run_008,2026-09-05T14:35:00.000,23700,True,True,45.9,1577,38.5,76,False,False,3.37,15.6,listening,0,True,8.9,0,21.9,2571,1,False,,697
exp_v2_improved,run_008,2026-09-05T14:36:00.000,23760,True,True,47.1,1582,38.6,75.3,False,False,3.54,16,idle,0,True,7.2,0,12.1,2564,1,False,,698
exp_v2_improved,run_008,2026-09-05T14:37:00.000,23820,True,True,45.8,1579,38.5,75.9,False,False,3.67,15.6,idle,0,True,5.1,0,20.5,2574,1,False,,699
exp_v2_improved,run_008,2026-09-05T14:38:00.000,23880,True,True,42.2,1580,38.6,74.1,False,False,3.5,15.6,idle,0,True,5.8,0,18,2572,1,False,,700
exp_v2_improved,run_008,2026-09-05T14:39:00.000,23940,True,True,40.5,1585,38.7,73.6,False,False,3.53,15.6,listening,0,True,4.7,0,14.1,2574,1,False,,701
exp_v2_improved,run_008,2026-09-05T14:40:00.000,24000,True,True,35.4,1582,38.6,76.1,False,False,3.41,15.6,idle,0,True,8.9,0,16,2570,1,False,,702
exp_v2_improved,run_008,2026-09-05T14:41:00.000,24060,True,True,43.6,1580,38.6,75.7,False,False,3.47,15.8,listening,0,True,40,0,15.6,2563,1,False,,703
exp_v2_improved,run_008,2026-09-05T14:42:00.000,24120,True,True,38,1577,38.5,77.3,False,False,3.52,16,idle,0,True,4.8,0,20.6,2570,1,False,,704
exp_v2_improved,run_008,2026-09-05T14:43:00.000,24180,True,True,43.6,1583,38.6,74.5,False,False,3.49,15.8,idle,0,True,6.2,0,12,2569,1,False,,705
exp_v2_improved,run_008,2026-09-05T14:44:00.000,24240,True,True,37.9,1585,38.7,75.2,False,False,3.38,15.8,idle,0,True,2,0,16,2569,1,False,,706
exp_v2_improved,run_008,2026-09-05T14:45:00.000,24300,True,True,40.4,1587,38.7,78,False,False,3.76,15.9,idle,0,True,10.3,0,19.4,2572,1,False,,707
exp_v2_improved,run_008,2026-09-05T14:46:00.000,24360,True,True,26.9,1576,38.5,77.6,False,False,3.37,15.8,listening,0,True,7.5,0,18.7,2568,1,False,,708
exp_v2_improved,run_008,2026-09-05T14:47:00.000,24420,True,True,34.9,1586,38.7,79,False,False,3.54,15.8,listening,0,True,6.9,0,15.4,2563,1,False,,709
exp_v2_improved,run_008,2026-09-05T14:48:00.000,24480,True,True,32.1,1581,38.6,75.3,True,False,3.39,13.6,idle,0,True,11.8,0,19.5,2564,1,False,thermal throttle observed,710
exp_v2_improved,run_008,2026-09-05T14:49:00.000,24540,True,True,48.2,1579,38.6,77,False,False,3.59,15.8,listening,0,True,6.7,0,14.7,2571,1,False,,711
exp_v2_improved,run_008,2026-09-05T14:50:00.000,24600,True,True,50,1601,39.1,79.4,False,False,3.47,16,listening,0,True,12.1,0,13.8,2574,1,False,,712
exp_v2_improved,run_008,2026-09-05T14:51:00.000,24660,True,True,42.9,1578,38.5,78.8,False,False,3.49,15.8,idle,0,True,13.9,0,19.5,2576,1,False,,713
exp_v2_improved,run_008,2026-09-05T14:52:00.000,24720,True,True,36.1,1587,38.8,78.5,False,False,3.49,15.6,listening,0,True,9,0,12.3,2568,1,False,,714
exp_v2_improved,run_008,2026-09-05T14:53:00.000,24780,True,True,42.6,1586,38.7,76.3,False,False,3.3,16,listening,0,True,7.2,0,15.8,2571,1,False,,715
exp_v2_improved,run_008,2026-09-05T14:54:00.000,24840,True,True,35.1,1580,38.6,77.8,False,False,3.58,15.3,idle,1,True,12.1,0,18.7,2570,1,False,,716
exp_v2_improved,run_008,2026-09-05T14:55:00.000,24900,True,True,43.1,1588,38.8,73.9,False,False,3.55,15.3,idle,0,True,5.8,0,14.9,2576,1,False,,717
exp_v2_improved,run_008,2026-09-05T14:56:00.000,24960,True,True,47.5,1587,38.7,78.4,False,True,3.47,15.2,listening,0,True,8,0,19.4,2578,1,False,undervoltage warning,718
exp_v2_improved,run_008,2026-09-05T14:57:00.000,25020,True,True,45.2,1582,38.6,73.6,False,False,3.51,15.7,listening,0,True,2.2,0,14.3,2581,1,False,,719
exp_v2_improved,run_008,2026-09-05T14:58:00.000,25080,True,True,35.5,1591,38.9,78.3,False,False,3.47,15.9,idle,0,True,10.9,0,16.6,2576,1,False,,720
exp_v2_improved,run_008,2026-09-05T14:59:00.000,25140,True,True,35.7,1581,38.6,76.7,False,False,3.49,16,idle,0,True,2,0,15.8,2570,1,False,,721
exp_v2_improved,run_008,2026-09-05T15:00:00.000,25200,True,True,37.5,1590,38.8,77.6,False,False,3.57,16,idle,0,True,10.4,0,14.5,2576,1,False,,722
exp_v2_improved,run_008,2026-09-05T15:01:00.000,25260,True,True,51.3,1589,38.8,76.8,False,False,3.51,16,idle,0,True,4.1,0,19.3,2581,1,False,,723
exp_v2_improved,run_008,2026-09-05T15:02:00.000,25320,True,True,42.5,1588,38.8,74,False,False,3.48,16,idle,0,True,8.1,0,13.9,2572,1,False,,724
exp_v2_improved,run_008,2026-09-05T15:03:00.000,25380,True,True,44.3,1589,38.8,76.6,False,False,3.4,16,idle,0,True,9.4,0,13.6,2583,1,False,,725
exp_v2_improved,run_008,2026-09-05T15:04:00.000,25440,True,True,41.4,1595,38.9,76.5,False,False,3.45,15.7,idle,0,True,5.4,0,14.4,2579,1,False,,726
exp_v2_improved,run_008,2026-09-05T15:05:00.000,25500,True,True,36.2,1597,39,76.4,False,False,3.54,15.7,idle,0,True,3.1,0,13.2,2574,1,False,,727
exp_v2_improved,run_008,2026-09-05T15:06:00.000,25560,True,True,33.5,1592,38.9,77.4,False,False,3.57,16,idle,0,True,12.1,0,17.4,2575,1,False,,728
exp_v2_improved,run_008,2026-09-05T15:07:00.000,25620,True,True,38.3,1589,38.8,76.3,False,False,3.3,16,idle,0,True,9.6,0,14.9,2574,1,False,,729
exp_v2_improved,run_008,2026-09-05T15:08:00.000,25680,True,True,44.2,1595,39,78.9,False,False,3.39,15.6,idle,1,True,5,0,16.7,2583,1,False,,730
exp_v2_improved,run_008,2026-09-05T15:09:00.000,25740,True,True,40.3,1616,39.4,74.8,False,False,3.51,16,listening,0,True,3.8,0,23.6,2585,1,False,,731
exp_v2_improved,run_008,2026-09-05T15:10:00.000,25800,True,True,42.5,1603,39.1,74.7,False,False,3.4,15.5,idle,0,True,4.4,0,15.9,2575,1,False,,732
exp_v2_improved,run_008,2026-09-05T15:11:00.000,25860,True,True,44.9,1594,38.9,76.3,False,False,3.46,15.2,idle,0,True,8.7,0,16.7,2576,1,False,,733
exp_v2_improved,run_008,2026-09-05T15:12:00.000,25920,True,True,39.8,1588,38.8,78.6,False,False,3.61,15.7,listening,0,True,2,0,19.1,2570,1,False,,734
exp_v2_improved,run_008,2026-09-05T15:13:00.000,25980,True,True,40.3,1602,39.1,79,False,False,3.56,15.8,idle,0,True,12.6,0,16.3,2581,1,False,,735
exp_v2_improved,run_008,2026-09-05T15:14:00.000,26040,True,True,43.6,1602,39.1,76.5,False,False,3.45,15.8,idle,0,True,7.6,0,14.2,2584,1,False,,736
exp_v2_improved,run_008,2026-09-05T15:15:00.000,26100,True,True,45.3,1602,39.1,77.2,False,False,3.32,15.6,idle,0,True,8.9,0,16.9,2587,1,False,,737
exp_v2_improved,run_008,2026-09-05T15:16:00.000,26160,True,True,44,1611,39.3,77.9,False,False,3.47,15.4,idle,0,True,7.3,0,12.3,2584,1,False,,738
exp_v2_improved,run_008,2026-09-05T15:17:00.000,26220,True,True,46,1596,39,78.1,False,False,3.44,15.9,idle,0,True,6,0,14.2,2575,1,False,,739
exp_v2_improved,run_008,2026-09-05T15:18:00.000,26280,True,True,40,1598,39,80.4,False,False,3.49,15.7,idle,0,True,9.7,0,18,2578,1,False,,740
exp_v2_improved,run_008,2026-09-05T15:19:00.000,26340,True,True,35.8,1603,39.1,78,False,False,3.48,15.3,listening,0,True,7.7,0,16.7,2581,1,False,,741
exp_v2_improved,run_008,2026-09-05T15:20:00.000,26400,True,True,37.7,1597,39,78.9,False,False,3.56,15.6,idle,0,True,9.1,0,10,2578,1,False,,742
exp_v2_improved,run_008,2026-09-05T15:21:00.000,26460,True,True,43.6,1601,39.1,75.1,False,False,3.43,15.8,idle,0,True,8.7,0,21.1,2580,1,False,,743
exp_v2_improved,run_008,2026-09-05T15:22:00.000,26520,True,True,40.9,1604,39.2,76.9,False,False,3.36,15.8,listening,0,True,5.4,0,15.8,2586,1,False,,744
exp_v2_improved,run_008,2026-09-05T15:23:00.000,26580,True,True,37.7,1609,39.3,77,False,False,3.5,15.3,listening,1,True,99,0,17.4,2578,1,False,,745
exp_v2_improved,run_008,2026-09-05T15:24:00.000,26640,True,True,40.7,1604,39.2,76.4,False,False,3.41,15.6,idle,0,True,5.4,0,9.6,2583,1,False,,746
exp_v2_improved,run_008,2026-09-05T15:25:00.000,26700,True,True,35.4,1606,39.2,80.3,False,False,3.36,16,idle,0,True,9.8,0,13.6,2581,1,False,,747
exp_v2_improved,run_008,2026-09-05T15:26:00.000,26760,True,True,35,1606,39.2,78.8,False,False,3.24,16,idle,0,True,12.9,0,9.3,2585,1,False,,748
exp_v2_improved,run_008,2026-09-05T15:27:00.000,26820,True,True,37.5,1596,39,78.4,False,False,3.45,15.6,idle,0,True,3.5,0,14.7,2590,1,False,,749
exp_v2_improved,run_008,2026-09-05T15:28:00.000,26880,True,True,63.9,1608,39.3,76.4,False,False,3.62,15.7,idle,0,True,4.6,0,20.5,2581,1,False,,750
exp_v2_improved,run_008,2026-09-05T15:29:00.000,26940,True,True,61.8,1603,39.1,78.4,False,False,3.62,15.2,idle,0,True,5.7,0,15.6,2584,1,False,,751
exp_v2_improved,run_008,2026-09-05T15:30:00.000,27000,True,True,60.2,1612,39.4,78.3,False,False,3.69,15.6,idle,0,True,6.4,0,36,2578,1,False,,752
exp_v2_improved,run_008,2026-09-05T15:31:00.000,27060,True,True,44.2,1611,39.3,79.7,False,False,3.47,15.7,idle,0,True,13.8,0,11.6,2578,1,False,,753
exp_v2_improved,run_008,2026-09-05T15:32:00.000,27120,True,True,41.4,1607,39.2,75.6,False,False,3.64,16,listening,0,True,7.3,0,17.5,2587,1,False,,754
exp_v2_improved,run_008,2026-09-05T15:33:00.000,27180,True,True,42.5,1605,39.2,79.6,False,False,3.65,15.7,idle,0,True,9.4,0,16.4,2588,1,False,,755
exp_v2_improved,run_008,2026-09-05T15:34:00.000,27240,True,True,43.9,1604,39.2,80.2,False,False,3.54,16,listening,0,True,9.3,0,16.6,2581,1,False,,756
exp_v2_improved,run_008,2026-09-05T15:35:00.000,27300,True,True,20,1608,39.2,78.1,True,False,3.37,13.4,listening,0,True,5.2,0,19.9,2585,1,False,thermal throttle observed,757
exp_v2_improved,run_008,2026-09-05T15:36:00.000,27360,True,True,43.1,1617,39.5,78.2,False,False,3.49,15.7,idle,0,True,8.7,0,21.6,2588,1,False,,758
exp_v2_improved,run_008,2026-09-05T15:37:00.000,27420,True,True,28.9,1604,39.2,80.5,True,False,3.36,13.5,idle,0,True,131.8,0,17.8,2583,1,False,thermal throttle observed,759
exp_v2_improved,run_008,2026-09-05T15:38:00.000,27480,True,True,37.6,1607,39.2,75.3,False,False,3.63,16,idle,0,True,6.5,0,14.7,2594,1,False,,760
exp_v2_improved,run_008,2026-09-05T15:39:00.000,27540,True,True,46.8,1609,39.3,79.9,False,False,3.67,15.3,idle,0,True,10.3,0,10,2593,1,False,,761
exp_v2_improved,run_008,2026-09-05T15:40:00.000,27600,True,True,36.7,1612,39.4,76.8,False,False,3.5,15.7,idle,0,True,11.7,0,9.2,2590,1,False,,762
exp_v2_improved,run_008,2026-09-05T15:41:00.000,27660,True,True,43.3,1605,39.2,76.8,False,False,3.59,16,idle,0,True,5.3,0,19.4,2587,1,False,,763
exp_v2_improved,run_008,2026-09-05T15:42:00.000,27720,True,True,43,1611,39.3,77.4,False,False,3.49,15.5,idle,0,True,4,0,16.3,2584,1,False,,764
exp_v2_improved,run_008,2026-09-05T15:43:00.000,27780,True,True,35.5,1605,39.2,78.1,False,False,3.46,16,listening,0,True,4.1,0,18.9,2588,1,False,,765
exp_v2_improved,run_008,2026-09-05T15:44:00.000,27840,True,True,48.4,1616,39.5,80.1,False,False,3.48,15.7,idle,0,True,5.3,0,11.4,2587,1,False,,766
exp_v2_improved,run_008,2026-09-05T15:45:00.000,27900,True,True,40.7,1608,39.3,78.6,False,False,3.55,16,idle,0,True,8.5,0,13.6,2593,1,False,,767
exp_v2_improved,run_008,2026-09-05T15:46:00.000,27960,True,True,63.9,1611,39.3,77.8,False,False,3.54,15.9,idle,0,True,10.8,0,17.6,2595,1,False,,768
exp_v2_improved,run_008,2026-09-05T15:47:00.000,28020,True,True,39.7,1624,39.7,75.5,False,False,3.73,15.9,listening,0,True,6.9,0,15.1,2593,1,False,,769
exp_v2_improved,run_008,2026-09-05T15:48:00.000,28080,True,True,37.4,1607,39.2,80.3,False,False,3.48,15.6,listening,0,True,136,0,17.2,2595,1,False,,770
exp_v2_improved,run_008,2026-09-05T15:49:00.000,28140,True,True,36.1,1621,39.6,77.5,False,False,3.55,15.7,listening,0,True,5.5,0,11,2593,1,False,,771
exp_v2_improved,run_008,2026-09-05T15:50:00.000,28200,True,True,45.8,1603,39.1,79,False,False,3.52,15.7,idle,0,True,8,0,15.7,2588,1,False,,772
exp_v2_improved,run_008,2026-09-05T15:51:00.000,28260,True,True,43.6,1615,39.4,83.4,False,False,3.46,15.6,listening,0,True,6.3,0,19.1,2594,1,False,,773
exp_v2_improved,run_008,2026-09-05T15:52:00.000,28320,True,True,40.6,1613,39.4,76.9,False,False,3.59,15.3,idle,0,True,7.1,0,14.6,2592,1,False,,774
exp_v2_improved,run_008,2026-09-05T15:53:00.000,28380,True,True,45.9,1616,39.5,77.8,False,False,3.5,15.9,listening,0,True,2.9,0,14.4,2590,1,False,,775
exp_v2_improved,run_008,2026-09-05T15:54:00.000,28440,True,True,42,1623,39.6,82.6,False,False,3.52,16,idle,0,True,8.3,0,19.1,2590,1,False,,776
exp_v2_improved,run_008,2026-09-05T15:55:00.000,28500,True,True,49.4,1617,39.5,79.4,False,False,3.33,15.3,listening,0,True,5,0,11.6,2593,1,False,,777
exp_v2_improved,run_008,2026-09-05T15:56:00.000,28560,True,True,41.9,1614,39.4,78.3,False,False,3.41,15.9,idle,0,True,6,0,22.8,2591,1,False,,778
exp_v2_improved,run_008,2026-09-05T15:57:00.000,28620,True,True,43.2,1613,39.4,80,False,False,3.59,16,listening,1,True,12.9,0,13.9,2593,1,False,,779
exp_v2_improved,run_008,2026-09-05T15:58:00.000,28680,True,True,46.7,1609,39.3,79.9,False,False,3.66,15.3,idle,0,True,7.4,0,18.7,2597,1,False,,780
exp_v2_improved,run_008,2026-09-05T15:59:00.000,28740,True,True,38.5,1620,39.6,81.5,False,False,3.45,15.4,idle,0,True,4.4,0,12.4,2592,1,False,,781
